{"type": "FeatureCollection", "features": [{"type": "Feature", "properties": {"zip": "77099", "name": "Westwood / Alief S", "median_household_income": 55849.0, "median_gross_rent": 1123.0, "median_home_value": 313859.0, "total_population": 25064.0, "renter_pct": 36.3, "rent_burden_pct": 24.0, "listing_velocity": 1.63, "price_trajectory": 43.5, "rental_yield": 4.29, "investor_activity": 51.6, "dom_shift": -3.5, "displacement_risk": 67.8, "flip_rate": 12.6, "affordability_cliff": 1.46, "is_sample_data": true}, "geometry": {"type": "MultiPolygon", "coordinates": [[[[-95.558716, 29.67317], [-95.557386, 29.672113], [-95.55909, 29.672053], [-95.559714, 29.672021], [-95.558716, 29.67317]]], [[[-95.571513, 29.648822], [-95.582706, 29.653972], [-95.583734, 29.659426], [-95.588154, 29.659859], [-95.593695, 29.665883], [-95.594969, 29.665856], [-95.597837, 29.660596], [-95.619202, 29.661986], [-95.614452, 29.675218], [-95.614466, 29.68437], [-95.556862, 29.684436], [-95.558505, 29.682104], [-95.557447, 29.681189], [-95.558775, 29.680734], [-95.557339, 29.680275], [-95.557287, 29.680105], [-95.557823, 29.676396], [-95.554983, 29.676746], [-95.554573, 29.675606], [-95.560261, 29.674638], [-95.558609, 29.670125], [-95.559823, 29.670079], [-95.560355, 29.668451], [-95.559121, 29.663425], [-95.560417, 29.659376], [-95.565708, 29.653927], [-95.568463, 29.654762], [-95.569956, 29.652904], [-95.568422, 29.651379], [-95.571513, 29.648822]]]]}}, {"type": "Feature", "properties": {"zip": "77020", "name": "Denver Harbor / Fifth Ward", "median_household_income": 36492.0, "median_gross_rent": 910.0, "median_home_value": 135328.0, "total_population": 21981.0, "renter_pct": 52.0, "rent_burden_pct": 30.2, "listing_velocity": 1.14, "price_trajectory": 39.4, "rental_yield": 8.07, "investor_activity": 61.6, "dom_shift": -8.6, "displacement_risk": 71.3, "flip_rate": 16.2, "affordability_cliff": 0.84, "is_sample_data": true}, "geometry": {"type": "Polygon", "coordinates": [[[-95.344007, 29.775684], [-95.34062, 29.778592], [-95.33996, 29.777389], [-95.288746, 29.799291], [-95.288115, 29.77837], [-95.291251, 29.777891], [-95.291246, 29.777712], [-95.291239, 29.777401], [-95.291251, 29.776732], [-95.288247, 29.776792], [-95.294445, 29.766417], [-95.294519, 29.756931], [-95.292913, 29.754427], [-95.293198, 29.751669], [-95.293618, 29.747637], [-95.293669, 29.74722], [-95.295763, 29.747402], [-95.296277, 29.74774], [-95.294833, 29.751148], [-95.297418, 29.75423], [-95.300838, 29.752727], [-95.304803, 29.755816], [-95.30826, 29.754609], [-95.317584, 29.75491], [-95.325722, 29.759899], [-95.332559, 29.758358], [-95.333937, 29.761537], [-95.346357, 29.762301], [-95.34678, 29.766159], [-95.352035, 29.76574], [-95.352081, 29.769771], [-95.356009, 29.768104], [-95.352081, 29.76999], [-95.35128, 29.773606], [-95.34803, 29.773562], [-95.348015, 29.774571], [-95.344007, 29.775684]]]}}, {"type": "Feature", "properties": {"zip": "77003", "name": "East Downtown / EaDo", "median_household_income": 55490.0, "median_gross_rent": 1237.0, "median_home_value": 304207.0, "total_population": 18330.0, "renter_pct": 60.0, "rent_burden_pct": 26.2, "listing_velocity": 1.26, "price_trajectory": 31.2, "rental_yield": 4.88, "investor_activity": 51.6, "dom_shift": -7.3, "displacement_risk": 64.5, "flip_rate": 8.9, "affordability_cliff": 1.45, "is_sample_data": true}, "geometry": {"type": "Polygon", "coordinates": [[[-95.363636, 29.747351], [-95.363053, 29.748099], [-95.3639, 29.748618], [-95.36126, 29.75033], [-95.362115, 29.750862], [-95.361526, 29.751601], [-95.360936, 29.752343], [-95.360632, 29.752754], [-95.358489, 29.749765], [-95.35545, 29.753446], [-95.357715, 29.754824], [-95.357114, 29.755561], [-95.354229, 29.754977], [-95.353025, 29.756493], [-95.352847, 29.756386], [-95.352716, 29.756307], [-95.351878, 29.755803], [-95.353071, 29.75428], [-95.352394, 29.753863], [-95.352318, 29.753816], [-95.352205, 29.753761], [-95.349196, 29.757556], [-95.347149, 29.756343], [-95.346749, 29.756855], [-95.346103, 29.757694], [-95.349197, 29.757751], [-95.34916, 29.758356], [-95.34877, 29.759284], [-95.349809, 29.760026], [-95.350703, 29.759095], [-95.349658, 29.763946], [-95.347678, 29.766512], [-95.345843, 29.762003], [-95.333937, 29.761537], [-95.332559, 29.758358], [-95.328867, 29.759838], [-95.330884, 29.757396], [-95.330206, 29.756997], [-95.32841, 29.755943], [-95.328862, 29.755349], [-95.329224, 29.754894], [-95.32937, 29.754689], [-95.326427, 29.753769], [-95.330124, 29.751412], [-95.330203, 29.747703], [-95.333109, 29.743215], [-95.339462, 29.745164], [-95.338977, 29.745793], [-95.339638, 29.746188], [-95.3429, 29.744813], [-95.339807, 29.737441], [-95.342067, 29.731823], [-95.354949, 29.740549], [-95.356265, 29.740728], [-95.356125, 29.739436], [-95.35684, 29.739849], [-95.357743, 29.740433], [-95.35803, 29.738484], [-95.362304, 29.74106], [-95.363048, 29.740149], [-95.363875, 29.740646], [-95.362684, 29.744865], [-95.364889, 29.742626], [-95.365728, 29.743114], [-95.366577, 29.743629], [-95.367436, 29.744123], [-95.363636, 29.747351]]]}}, {"type": "Feature", "properties": {"zip": "77009", "name": "Northside / Near Northside", "median_household_income": 65623.0, "median_gross_rent": 1295.0, "median_home_value": 341299.0, "total_population": 38121.0, "renter_pct": 55.0, "rent_burden_pct": 24.0, "listing_velocity": 1.28, "price_trajectory": 29.3, "rental_yield": 4.55, "investor_activity": 48.0, "dom_shift": -8.9, "displacement_risk": 54.5, "flip_rate": 10.2, "affordability_cliff": 1.3, "is_sample_data": true}, "geometry": {"type": "Polygon", "coordinates": [[[-95.372502, 29.813465], [-95.35537, 29.813841], [-95.350285, 29.812429], [-95.347308, 29.802984], [-95.345267, 29.78351], [-95.347416, 29.783468], [-95.346004, 29.793461], [-95.346973, 29.791578], [-95.347619, 29.7897], [-95.348815, 29.786712], [-95.349083, 29.785182], [-95.348896, 29.78436], [-95.348687, 29.783435], [-95.351426, 29.783371], [-95.351277, 29.772701], [-95.35157, 29.772558], [-95.352129, 29.772125], [-95.357302, 29.770741], [-95.365082, 29.772421], [-95.36811, 29.777086], [-95.372458, 29.778357], [-95.375431, 29.780988], [-95.380708, 29.779017], [-95.381983, 29.778907], [-95.38307, 29.780684], [-95.387029, 29.779433], [-95.388077, 29.805331], [-95.391618, 29.813876], [-95.372502, 29.813465]]]}}, {"type": "Feature", "properties": {"zip": "77086", "name": "North Houston / Veterans Memorial", "median_household_income": 56669.0, "median_gross_rent": 1259.0, "median_home_value": 277330.0, "total_population": 19227.0, "renter_pct": 36.1, "rent_burden_pct": 27.8, "listing_velocity": 1.51, "price_trajectory": 37.4, "rental_yield": 5.45, "investor_activity": 54.5, "dom_shift": -7.4, "displacement_risk": 60.7, "flip_rate": 13.3, "affordability_cliff": 1.21, "is_sample_data": true}, "geometry": {"type": "Polygon", "coordinates": [[[-95.48324, 29.935824], [-95.47256, 29.935299], [-95.470631, 29.932694], [-95.470482, 29.929681], [-95.470199, 29.929675], [-95.470003, 29.929676], [-95.468298, 29.928046], [-95.468342, 29.924883], [-95.470392, 29.923628], [-95.468911, 29.918332], [-95.469864, 29.904863], [-95.462199, 29.898165], [-95.453334, 29.897511], [-95.463509, 29.897471], [-95.46433, 29.898263], [-95.464775, 29.898781], [-95.470425, 29.899706], [-95.475593, 29.899724], [-95.475815, 29.897705], [-95.480178, 29.898028], [-95.480434, 29.89975], [-95.495479, 29.899721], [-95.494416, 29.889194], [-95.494914, 29.889204], [-95.495696, 29.890638], [-95.495748, 29.89108], [-95.49595, 29.891094], [-95.502829, 29.891515], [-95.503756, 29.891577], [-95.504096, 29.899164], [-95.500748, 29.899616], [-95.521692, 29.936627], [-95.483261, 29.937708], [-95.48324, 29.935824]]]}}, {"type": "Feature", "properties": {"zip": "77060", "name": "Greenspoint", "median_household_income": 54107.0, "median_gross_rent": 984.0, "median_home_value": 137874.0, "total_population": 35092.0, "renter_pct": 63.2, "rent_burden_pct": 21.6, "listing_velocity": 1.28, "price_trajectory": 30.7, "rental_yield": 8.56, "investor_activity": 56.2, "dom_shift": -2.9, "displacement_risk": 66.6, "flip_rate": 8.7, "affordability_cliff": 0.69, "is_sample_data": true}, "geometry": {"type": "Polygon", "coordinates": [[[-95.393533, 29.962812], [-95.388805, 29.962805], [-95.387764, 29.9628], [-95.388369, 29.965973], [-95.379616, 29.932788], [-95.381271, 29.932506], [-95.375983, 29.916669], [-95.372894, 29.902208], [-95.400655, 29.903058], [-95.404064, 29.912517], [-95.402621, 29.912537], [-95.4029, 29.913862], [-95.40311, 29.913906], [-95.404551, 29.913873], [-95.405133, 29.915411], [-95.403707, 29.91684], [-95.404516, 29.919962], [-95.406749, 29.919928], [-95.407554, 29.922153], [-95.408194, 29.921972], [-95.408761, 29.921819], [-95.409429, 29.924712], [-95.412312, 29.924676], [-95.412684, 29.935157], [-95.417483, 29.935166], [-95.417824, 29.931666], [-95.418052, 29.9396], [-95.424664, 29.939801], [-95.41787, 29.941079], [-95.417849, 29.945019], [-95.416024, 29.945036], [-95.416531, 29.946768], [-95.416609, 29.947033], [-95.417877, 29.94636], [-95.417956, 29.949058], [-95.420327, 29.949213], [-95.418128, 29.949639], [-95.418676, 29.956876], [-95.421866, 29.962576], [-95.418965, 29.963479], [-95.418699, 29.961454], [-95.41934, 29.965729], [-95.394844, 29.965954], [-95.393533, 29.962812]], [[-95.409128, 29.92656], [-95.405658, 29.926619], [-95.405658, 29.926844], [-95.406891, 29.926822], [-95.407122, 29.926829], [-95.40622, 29.931741], [-95.411222, 29.931771], [-95.411427, 29.927654], [-95.409128, 29.92656]]]}}, {"type": "Feature", "properties": {"zip": "77018", "name": "Oak Forest / Garden Oaks", "median_household_income": 67832.0, "median_gross_rent": 1199.0, "median_home_value": 337655.0, "total_population": 34839.0, "renter_pct": 45.0, "rent_burden_pct": 21.4, "listing_velocity": 1.65, "price_trajectory": 28.0, "rental_yield": 4.26, "investor_activity": 53.7, "dom_shift": -4.1, "displacement_risk": 65.0, "flip_rate": 12.2, "affordability_cliff": 1.25, "is_sample_data": true}, "geometry": {"type": "Polygon", "coordinates": [[[-95.46102, 29.841667], [-95.441855, 29.841096], [-95.441865, 29.842415], [-95.428838, 29.842455], [-95.428854, 29.841985], [-95.428843, 29.841043], [-95.428265, 29.840954], [-95.416417, 29.841068], [-95.416493, 29.844037], [-95.416306, 29.844045], [-95.411248, 29.844109], [-95.410962, 29.844113], [-95.410848, 29.838818], [-95.409939, 29.838843], [-95.406875, 29.838926], [-95.406909, 29.840281], [-95.405708, 29.840289], [-95.405663, 29.840279], [-95.405632, 29.840257], [-95.405617, 29.840223], [-95.405611, 29.840183], [-95.40559, 29.839022], [-95.402958, 29.840033], [-95.402963, 29.84047], [-95.40297, 29.841162], [-95.398904, 29.841873], [-95.398151, 29.839362], [-95.402807, 29.839304], [-95.402662, 29.832923], [-95.401243, 29.830497], [-95.401059, 29.830502], [-95.400421, 29.830521], [-95.399214, 29.830534], [-95.399546, 29.826933], [-95.397004, 29.82698], [-95.396203, 29.822829], [-95.394955, 29.822858], [-95.394846, 29.822844], [-95.391689, 29.814064], [-95.431305, 29.812544], [-95.440882, 29.808874], [-95.442782, 29.81121], [-95.445232, 29.811547], [-95.445599, 29.817928], [-95.450406, 29.818606], [-95.451409, 29.821112], [-95.456088, 29.824833], [-95.45631, 29.829968], [-95.453359, 29.83175], [-95.453246, 29.834819], [-95.458616, 29.841021], [-95.46102, 29.841667]]]}}, {"type": "Feature", "properties": {"zip": "77040", "name": "Northwest Crossing", "median_household_income": 59413.0, "median_gross_rent": 1147.0, "median_home_value": 224461.0, "total_population": 39393.0, "renter_pct": 45.0, "rent_burden_pct": 23.8, "listing_velocity": 1.16, "price_trajectory": 36.4, "rental_yield": 6.13, "investor_activity": 54.2, "dom_shift": -8.0, "displacement_risk": 59.9, "flip_rate": 9.5, "affordability_cliff": 0.92, "is_sample_data": true}, "geometry": {"type": "Polygon", "coordinates": [[[-95.558958, 29.872097], [-95.563735, 29.875454], [-95.563108, 29.876884], [-95.569451, 29.879484], [-95.584667, 29.890168], [-95.584504, 29.897687], [-95.579438, 29.895525], [-95.572596, 29.895507], [-95.573334, 29.899239], [-95.570854, 29.899282], [-95.569925, 29.899312], [-95.567628, 29.898423], [-95.567741, 29.89557], [-95.550179, 29.896344], [-95.55011, 29.886757], [-95.549729, 29.886765], [-95.549401, 29.886789], [-95.549099, 29.886811], [-95.549418, 29.898164], [-95.538465, 29.902712], [-95.538409, 29.898509], [-95.513327, 29.898059], [-95.504096, 29.899164], [-95.503756, 29.891577], [-95.502829, 29.891515], [-95.49595, 29.891094], [-95.495748, 29.89108], [-95.495696, 29.890638], [-95.494914, 29.889204], [-95.496042, 29.889138], [-95.495964, 29.888748], [-95.495411, 29.886015], [-95.494459, 29.886022], [-95.494443, 29.877514], [-95.498525, 29.876712], [-95.498481, 29.876636], [-95.495004, 29.876639], [-95.494456, 29.87664], [-95.493806, 29.874161], [-95.486772, 29.865752], [-95.490988, 29.865716], [-95.491107, 29.860555], [-95.49122, 29.855628], [-95.496288, 29.856802], [-95.496566, 29.855132], [-95.5001, 29.855004], [-95.499195, 29.849136], [-95.494849, 29.847378], [-95.495688, 29.843819], [-95.505643, 29.848574], [-95.492893, 29.84133], [-95.4949, 29.840972], [-95.494846, 29.837713], [-95.49482, 29.836186], [-95.50124, 29.835235], [-95.501891, 29.839279], [-95.506341, 29.839242], [-95.506297, 29.834805], [-95.558958, 29.872097]]]}}, {"type": "Feature", "properties": {"zip": "77094", "name": "Cinco Ranch / Katy E", "median_household_income": 56156.0, "median_gross_rent": 1240.0, "median_home_value": 250502.0, "total_population": 18456.0, "renter_pct": 45.0, "rent_burden_pct": 29.1, "listing_velocity": 1.47, "price_trajectory": 41.3, "rental_yield": 5.94, "investor_activity": 64.6, "dom_shift": -10.0, "displacement_risk": 58.9, "flip_rate": 8.6, "affordability_cliff": 1.24, "is_sample_data": true}, "geometry": {"type": "Polygon", "coordinates": [[[-95.716272, 29.772267], [-95.71543, 29.775348], [-95.718848, 29.775139], [-95.718876, 29.778755], [-95.714923, 29.778982], [-95.714738, 29.781914], [-95.715963, 29.784439], [-95.718929, 29.784688], [-95.688348, 29.78546], [-95.688075, 29.787688], [-95.687652, 29.785913], [-95.683017, 29.785188], [-95.644788, 29.784716], [-95.644762, 29.782586], [-95.654798, 29.78298], [-95.654935, 29.784452], [-95.660278, 29.784478], [-95.660275, 29.782697], [-95.660274, 29.782421], [-95.660288, 29.782162], [-95.649257, 29.782072], [-95.646796, 29.780103], [-95.646552, 29.769702], [-95.647047, 29.768434], [-95.647047, 29.76971], [-95.647147, 29.769688], [-95.647815, 29.76971], [-95.648269, 29.769677], [-95.648567, 29.765235], [-95.647143, 29.764911], [-95.646959, 29.746104], [-95.653982, 29.735466], [-95.705921, 29.734703], [-95.692216, 29.74917], [-95.692153, 29.750855], [-95.688254, 29.753895], [-95.685337, 29.754208], [-95.685508, 29.774851], [-95.689964, 29.772661], [-95.697922, 29.773423], [-95.697941, 29.772954], [-95.697968, 29.772259], [-95.695629, 29.77175], [-95.695322, 29.769882], [-95.695169, 29.768508], [-95.699692, 29.762249], [-95.70177, 29.76394], [-95.701715, 29.746167], [-95.704755, 29.753441], [-95.712867, 29.755854], [-95.717715, 29.759503], [-95.715817, 29.763971], [-95.718829, 29.772193], [-95.716272, 29.772267]]]}}, {"type": "Feature", "properties": {"zip": "77048", "name": "Hobby Area / South Houston W", "median_household_income": 39713.0, "median_gross_rent": 927.0, "median_home_value": 160095.0, "total_population": 19809.0, "renter_pct": 50.0, "rent_burden_pct": 28.2, "listing_velocity": 1.3, "price_trajectory": 35.5, "rental_yield": 6.95, "investor_activity": 60.0, "dom_shift": -9.5, "displacement_risk": 56.2, "flip_rate": 12.4, "affordability_cliff": 0.98, "is_sample_data": true}, "geometry": {"type": "Polygon", "coordinates": [[[-95.355615, 29.627393], [-95.356286, 29.648215], [-95.355402, 29.649103], [-95.354685, 29.649361], [-95.354038, 29.649384], [-95.353059, 29.64932], [-95.348563, 29.64706], [-95.345091, 29.647815], [-95.337854, 29.644336], [-95.331713, 29.646432], [-95.328797, 29.649642], [-95.319527, 29.650847], [-95.314894, 29.654952], [-95.297409, 29.596514], [-95.309375, 29.595032], [-95.315345, 29.598227], [-95.319598, 29.59827], [-95.322297, 29.596664], [-95.33164, 29.599104], [-95.337779, 29.593533], [-95.340471, 29.593389], [-95.346325, 29.585586], [-95.348968, 29.586476], [-95.351907, 29.585455], [-95.351269, 29.599531], [-95.35306, 29.599162], [-95.353306, 29.599111], [-95.355311, 29.605705], [-95.355615, 29.627393]]]}}, {"type": "Feature", "properties": {"zip": "77047", "name": "Sunnyside / Reed Rd", "median_household_income": 43713.0, "median_gross_rent": 948.0, "median_home_value": 177505.0, "total_population": 27493.0, "renter_pct": 48.0, "rent_burden_pct": 27.4, "listing_velocity": 1.72, "price_trajectory": 30.9, "rental_yield": 6.41, "investor_activity": 72.8, "dom_shift": -7.7, "displacement_risk": 67.4, "flip_rate": 10.4, "affordability_cliff": 0.95, "is_sample_data": true}, "geometry": {"type": "Polygon", "coordinates": [[[-95.356285, 29.648144], [-95.355427, 29.606578], [-95.353306, 29.599111], [-95.35306, 29.599162], [-95.351269, 29.599531], [-95.351907, 29.585455], [-95.356221, 29.586984], [-95.360284, 29.584904], [-95.364386, 29.585936], [-95.368222, 29.584714], [-95.375942, 29.588377], [-95.388405, 29.585567], [-95.393005, 29.581631], [-95.396137, 29.582721], [-95.403855, 29.581816], [-95.417108, 29.583277], [-95.424118, 29.580233], [-95.431027, 29.583509], [-95.417462, 29.618968], [-95.413196, 29.61982], [-95.408916, 29.622876], [-95.406783, 29.628615], [-95.392262, 29.63139], [-95.39064, 29.632663], [-95.387412, 29.632293], [-95.384124, 29.629597], [-95.380872, 29.629567], [-95.378074, 29.632659], [-95.377839, 29.634814], [-95.377976, 29.635667], [-95.37791, 29.635981], [-95.375492, 29.637577], [-95.375552, 29.640366], [-95.375168, 29.640475], [-95.374146, 29.640334], [-95.373757, 29.640433], [-95.365816, 29.646444], [-95.356285, 29.648144]]]}}, {"type": "Feature", "properties": {"zip": "77046", "name": "Upper Kirby / Greenway", "median_household_income": 105758.0, "median_gross_rent": 1985.0, "median_home_value": 548076.0, "total_population": 11824.0, "renter_pct": 60.0, "rent_burden_pct": 20.7, "listing_velocity": 1.49, "price_trajectory": 31.5, "rental_yield": 4.35, "investor_activity": 47.0, "dom_shift": -4.3, "displacement_risk": 55.1, "flip_rate": 10.5, "affordability_cliff": 1.45, "is_sample_data": true}, "geometry": {"type": "Polygon", "coordinates": [[[-95.436375, 29.732709], [-95.436399, 29.733302], [-95.435113, 29.733351], [-95.433426, 29.733402], [-95.43216, 29.738321], [-95.42997, 29.738337], [-95.429973, 29.732624], [-95.432068, 29.732229], [-95.432336, 29.733251], [-95.433461, 29.732977], [-95.433458, 29.732321], [-95.43341, 29.731837], [-95.43629, 29.731723], [-95.436384, 29.732094], [-95.436389, 29.730813], [-95.436366, 29.729933], [-95.436351, 29.729381], [-95.437215, 29.729354], [-95.438268, 29.729337], [-95.438438, 29.732687], [-95.436375, 29.732709]]]}}, {"type": "Feature", "properties": {"zip": "77065", "name": "Cypress Creek S", "median_household_income": 62506.0, "median_gross_rent": 1232.0, "median_home_value": 150434.0, "total_population": 30175.0, "renter_pct": 64.1, "rent_burden_pct": 24.4, "listing_velocity": 1.35, "price_trajectory": 44.7, "rental_yield": 9.83, "investor_activity": 51.0, "dom_shift": -8.9, "displacement_risk": 66.2, "flip_rate": 14.1, "affordability_cliff": 0.6, "is_sample_data": true}, "geometry": {"type": "Polygon", "coordinates": [[[-95.584696, 29.939827], [-95.584785, 29.936527], [-95.592898, 29.93734], [-95.593584, 29.935619], [-95.593542, 29.934698], [-95.585301, 29.935075], [-95.587774, 29.933633], [-95.588611, 29.930663], [-95.579658, 29.935407], [-95.580275, 29.932479], [-95.582006, 29.933596], [-95.58263, 29.931059], [-95.584598, 29.930282], [-95.583577, 29.927453], [-95.584746, 29.927449], [-95.583709, 29.927129], [-95.584715, 29.92462], [-95.583407, 29.924635], [-95.582925, 29.92464], [-95.582924, 29.924496], [-95.583345, 29.92449], [-95.583407, 29.924506], [-95.583391, 29.920807], [-95.583826, 29.9208], [-95.584678, 29.920799], [-95.584655, 29.918641], [-95.584646, 29.917829], [-95.584621, 29.91555], [-95.583224, 29.915847], [-95.583176, 29.914561], [-95.583859, 29.91425], [-95.584605, 29.914093], [-95.584667, 29.890168], [-95.638855, 29.928611], [-95.631073, 29.923827], [-95.633892, 29.926023], [-95.630859, 29.929155], [-95.630537, 29.929281], [-95.630322, 29.929298], [-95.628838, 29.929317], [-95.628651, 29.928396], [-95.629726, 29.938543], [-95.628828, 29.938537], [-95.62896, 29.945147], [-95.62701, 29.945358], [-95.626203, 29.947228], [-95.626078, 29.947206], [-95.626094, 29.946283], [-95.623328, 29.946996], [-95.623221, 29.945969], [-95.621134, 29.945942], [-95.620713, 29.947485], [-95.615237, 29.947129], [-95.606512, 29.952231], [-95.584868, 29.952549], [-95.584696, 29.939827]]]}}, {"type": "Feature", "properties": {"zip": "77017", "name": "Park Place / Edgebrook", "median_household_income": 68155.0, "median_gross_rent": 990.0, "median_home_value": 261404.0, "total_population": 19452.0, "renter_pct": 58.4, "rent_burden_pct": 17.4, "listing_velocity": 1.92, "price_trajectory": 25.0, "rental_yield": 4.54, "investor_activity": 52.1, "dom_shift": -7.7, "displacement_risk": 47.6, "flip_rate": 11.9, "affordability_cliff": 0.89, "is_sample_data": true}, "geometry": {"type": "Polygon", "coordinates": [[[-95.229054, 29.67323], [-95.228371, 29.673251], [-95.228018, 29.67325], [-95.227966, 29.669827], [-95.251439, 29.670215], [-95.251863, 29.665819], [-95.251746, 29.66562], [-95.251616, 29.665683], [-95.249504, 29.665713], [-95.249168, 29.652213], [-95.251438, 29.652266], [-95.258018, 29.661932], [-95.259863, 29.661294], [-95.260032, 29.662563], [-95.258146, 29.662128], [-95.25855, 29.662755], [-95.258696, 29.662983], [-95.259052, 29.663536], [-95.260715, 29.663499], [-95.262396, 29.663461], [-95.262794, 29.663456], [-95.262821, 29.66471], [-95.262825, 29.665436], [-95.261274, 29.666892], [-95.264015, 29.671354], [-95.266412, 29.673943], [-95.26547, 29.672696], [-95.26634, 29.671294], [-95.269441, 29.674457], [-95.268626, 29.67508], [-95.268208, 29.675398], [-95.267996, 29.675558], [-95.288732, 29.697449], [-95.280194, 29.700985], [-95.271259, 29.708992], [-95.267177, 29.709909], [-95.256898, 29.707815], [-95.255267, 29.712771], [-95.250438, 29.711536], [-95.240532, 29.71282], [-95.235948, 29.715936], [-95.22621, 29.716038], [-95.226091, 29.70995], [-95.226291, 29.709931], [-95.22821, 29.709773], [-95.228088, 29.690563], [-95.234542, 29.690491], [-95.224137, 29.675877], [-95.229005, 29.675772], [-95.229046, 29.673911], [-95.229054, 29.67323]]]}}, {"type": "Feature", "properties": {"zip": "77028", "name": "Settegast / Pleasantville", "median_household_income": 28625.0, "median_gross_rent": 808.0, "median_home_value": 109547.0, "total_population": 15424.0, "renter_pct": 52.0, "rent_burden_pct": 32.8, "listing_velocity": 1.83, "price_trajectory": 44.6, "rental_yield": 8.85, "investor_activity": 61.5, "dom_shift": -12.2, "displacement_risk": 79.0, "flip_rate": 16.8, "affordability_cliff": 0.86, "is_sample_data": true}, "geometry": {"type": "Polygon", "coordinates": [[[-95.302049, 29.839014], [-95.289038, 29.851746], [-95.284491, 29.849858], [-95.284277, 29.850247], [-95.283797, 29.851287], [-95.280029, 29.849884], [-95.27933, 29.849891], [-95.279349, 29.850766], [-95.266413, 29.85006], [-95.266426, 29.85111], [-95.262371, 29.851173], [-95.261488, 29.810697], [-95.301811, 29.793913], [-95.301818, 29.795733], [-95.301847, 29.80036], [-95.30268, 29.800342], [-95.304701, 29.800312], [-95.305851, 29.800295], [-95.305783, 29.808264], [-95.308683, 29.809272], [-95.317072, 29.807883], [-95.316926, 29.808939], [-95.307164, 29.809421], [-95.301882, 29.807423], [-95.301912, 29.81115], [-95.329394, 29.819884], [-95.31857, 29.823317], [-95.302049, 29.839014]]]}}, {"type": "Feature", "properties": {"zip": "77008", "name": "Heights West", "median_household_income": 81413.0, "median_gross_rent": 1562.0, "median_home_value": 414203.0, "total_population": 41193.0, "renter_pct": 50.0, "rent_burden_pct": 22.7, "listing_velocity": 0.94, "price_trajectory": 25.1, "rental_yield": 4.53, "investor_activity": 40.8, "dom_shift": -7.5, "displacement_risk": 49.3, "flip_rate": 9.6, "affordability_cliff": 1.43, "is_sample_data": true}, "geometry": {"type": "Polygon", "coordinates": [[[-95.397618, 29.787008], [-95.408403, 29.786833], [-95.408617, 29.783581], [-95.409655, 29.783324], [-95.436746, 29.783926], [-95.43674, 29.781257], [-95.437746, 29.781218], [-95.438263, 29.781229], [-95.4389, 29.781278], [-95.438975, 29.785668], [-95.450597, 29.794184], [-95.448429, 29.802558], [-95.44526, 29.806459], [-95.432899, 29.812161], [-95.391689, 29.814064], [-95.388077, 29.805331], [-95.387782, 29.787622], [-95.394133, 29.787054], [-95.394135, 29.787228], [-95.394164, 29.788907], [-95.395265, 29.788896], [-95.395245, 29.78704], [-95.396334, 29.787025], [-95.397618, 29.787008]]]}}, {"type": "Feature", "properties": {"zip": "77080", "name": "Spring Branch", "median_household_income": 54763.0, "median_gross_rent": 1168.0, "median_home_value": 156416.0, "total_population": 17056.0, "renter_pct": 60.8, "rent_burden_pct": 26.7, "listing_velocity": 1.86, "price_trajectory": 29.4, "rental_yield": 8.96, "investor_activity": 59.5, "dom_shift": -7.0, "displacement_risk": 59.5, "flip_rate": 10.5, "affordability_cliff": 0.76, "is_sample_data": true}, "geometry": {"type": "Polygon", "coordinates": [[[-95.545228, 29.817271], [-95.545494, 29.821289], [-95.54808, 29.821717], [-95.547886, 29.822905], [-95.54526, 29.822708], [-95.545321, 29.832239], [-95.529677, 29.832467], [-95.529701, 29.834415], [-95.529723, 29.836052], [-95.526406, 29.836264], [-95.526426, 29.832615], [-95.526391, 29.832519], [-95.50472, 29.833667], [-95.493681, 29.825762], [-95.495562, 29.825591], [-95.494949, 29.82443], [-95.498281, 29.82086], [-95.499339, 29.821508], [-95.500849, 29.815084], [-95.502474, 29.815373], [-95.502439, 29.803498], [-95.509224, 29.80348], [-95.51138, 29.801019], [-95.513399, 29.802254], [-95.513251, 29.800215], [-95.520113, 29.798972], [-95.520177, 29.800142], [-95.517557, 29.801105], [-95.522361, 29.801074], [-95.522222, 29.798549], [-95.523681, 29.798078], [-95.523921, 29.798], [-95.524207, 29.799956], [-95.526326, 29.799686], [-95.526049, 29.798383], [-95.526648, 29.798218], [-95.528985, 29.798207], [-95.530691, 29.798211], [-95.53068, 29.797237], [-95.530665, 29.796804], [-95.530644, 29.795957], [-95.537243, 29.794157], [-95.545808, 29.79512], [-95.546406, 29.798367], [-95.545669, 29.798383], [-95.544776, 29.798548], [-95.544774, 29.799244], [-95.546419, 29.799223], [-95.547351, 29.802087], [-95.54514, 29.805325], [-95.545228, 29.817271]]]}}, {"type": "Feature", "properties": {"zip": "77041", "name": "Jersey Village S", "median_household_income": 52040.0, "median_gross_rent": 1255.0, "median_home_value": 135236.0, "total_population": 29877.0, "renter_pct": 43.6, "rent_burden_pct": 28.3, "listing_velocity": 1.18, "price_trajectory": 39.6, "rental_yield": 11.14, "investor_activity": 66.7, "dom_shift": -7.8, "displacement_risk": 63.0, "flip_rate": 10.2, "affordability_cliff": 0.61, "is_sample_data": true}, "geometry": {"type": "Polygon", "coordinates": [[[-95.539052, 29.832328], [-95.567125, 29.831837], [-95.567111, 29.829771], [-95.568487, 29.829772], [-95.569953, 29.829772], [-95.569953, 29.831804], [-95.575855, 29.831793], [-95.577722, 29.839563], [-95.58899, 29.849736], [-95.589197, 29.849617], [-95.589742, 29.849304], [-95.589899, 29.843134], [-95.595906, 29.843097], [-95.597777, 29.843086], [-95.597824, 29.841342], [-95.604727, 29.841211], [-95.604986, 29.84124], [-95.604866, 29.834627], [-95.604854, 29.834316], [-95.604839, 29.833736], [-95.612678, 29.835974], [-95.625875, 29.836152], [-95.624912, 29.837224], [-95.626163, 29.840346], [-95.622545, 29.844174], [-95.621703, 29.848017], [-95.622857, 29.848599], [-95.619644, 29.853108], [-95.621348, 29.854262], [-95.620982, 29.857637], [-95.62437, 29.861835], [-95.623828, 29.869294], [-95.626077, 29.871455], [-95.624388, 29.873033], [-95.625992, 29.876853], [-95.625379, 29.879428], [-95.620672, 29.87945], [-95.620726, 29.896079], [-95.620546, 29.896081], [-95.616819, 29.896132], [-95.614997, 29.902039], [-95.608917, 29.901302], [-95.607691, 29.903367], [-95.602763, 29.903106], [-95.571125, 29.88059], [-95.563108, 29.876884], [-95.563735, 29.875454], [-95.558, 29.871091], [-95.50472, 29.833667], [-95.526391, 29.832519], [-95.526426, 29.832615], [-95.526406, 29.836264], [-95.529723, 29.836052], [-95.529701, 29.834415], [-95.529677, 29.832467], [-95.539052, 29.832328]]]}}, {"type": "Feature", "properties": {"zip": "77059", "name": "Clear Lake S / Bay Area", "median_household_income": 56165.0, "median_gross_rent": 1120.0, "median_home_value": 308088.0, "total_population": 19854.0, "renter_pct": 39.2, "rent_burden_pct": 24.3, "listing_velocity": 1.88, "price_trajectory": 34.1, "rental_yield": 4.36, "investor_activity": 61.8, "dom_shift": -6.0, "displacement_risk": 66.9, "flip_rate": 12.3, "affordability_cliff": 1.51, "is_sample_data": true}, "geometry": {"type": "Polygon", "coordinates": [[[-95.144764, 29.624025], [-95.142997, 29.62403], [-95.143032, 29.627305], [-95.143035, 29.627608], [-95.142735, 29.631221], [-95.139721, 29.632966], [-95.121596, 29.633495], [-95.120093, 29.627351], [-95.117752, 29.625637], [-95.116063, 29.624401], [-95.11545, 29.623994], [-95.115764, 29.628069], [-95.108911, 29.628199], [-95.10886, 29.628195], [-95.106927, 29.626353], [-95.105001, 29.626772], [-95.10232, 29.625117], [-95.104256, 29.623133], [-95.103211, 29.622693], [-95.103613, 29.62123], [-95.101712, 29.620274], [-95.100277, 29.621699], [-95.098541, 29.62032], [-95.099393, 29.618938], [-95.096562, 29.619263], [-95.098649, 29.615872], [-95.097095, 29.615125], [-95.098274, 29.61372], [-95.095994, 29.612556], [-95.097655, 29.610856], [-95.093381, 29.609538], [-95.093059, 29.60779], [-95.092898, 29.607851], [-95.084609, 29.611134], [-95.084373, 29.613209], [-95.084523, 29.610471], [-95.086895, 29.603384], [-95.08983, 29.598917], [-95.09232, 29.598396], [-95.091403, 29.596823], [-95.098047, 29.594565], [-95.10228, 29.589556], [-95.10254, 29.589743], [-95.102896, 29.590117], [-95.10361, 29.583483], [-95.106556, 29.585203], [-95.11327, 29.585362], [-95.116807, 29.584074], [-95.121751, 29.585006], [-95.125934, 29.58838], [-95.129216, 29.594113], [-95.135411, 29.595813], [-95.146184, 29.592566], [-95.148136, 29.588206], [-95.159308, 29.581813], [-95.162926, 29.585678], [-95.168056, 29.591139], [-95.168207, 29.5913], [-95.154009, 29.591699], [-95.153266, 29.623999], [-95.150407, 29.624008], [-95.144889, 29.624024], [-95.144764, 29.624025]]]}}, {"type": "Feature", "properties": {"zip": "77050", "name": "IAH South / Aldine E", "median_household_income": 41363.0, "median_gross_rent": 1067.0, "median_home_value": 238039.0, "total_population": 44977.0, "renter_pct": 57.7, "rent_burden_pct": 32.0, "listing_velocity": 2.08, "price_trajectory": 39.9, "rental_yield": 5.38, "investor_activity": 72.4, "dom_shift": -5.5, "displacement_risk": 67.2, "flip_rate": 11.9, "affordability_cliff": 1.37, "is_sample_data": true}, "geometry": {"type": "Polygon", "coordinates": [[[-95.268321, 29.91582], [-95.266493, 29.915445], [-95.265799, 29.915367], [-95.265183, 29.915417], [-95.259326, 29.917437], [-95.251005, 29.92288], [-95.25052, 29.922962], [-95.249245, 29.922899], [-95.24631, 29.92232], [-95.244235, 29.920459], [-95.243185, 29.913693], [-95.236891, 29.907031], [-95.240526, 29.902877], [-95.240685, 29.89864], [-95.257285, 29.882542], [-95.257364, 29.887744], [-95.272206, 29.887524], [-95.272259, 29.891606], [-95.280258, 29.891508], [-95.280261, 29.887549], [-95.280268, 29.887428], [-95.28772, 29.88736], [-95.287721, 29.887408], [-95.287796, 29.891419], [-95.306397, 29.890636], [-95.295601, 29.918636], [-95.292906, 29.915066], [-95.287194, 29.913339], [-95.280495, 29.91618], [-95.272383, 29.916749], [-95.268907, 29.91594], [-95.268321, 29.91582]]]}}, {"type": "Feature", "properties": {"zip": "77072", "name": "Alief / Bissonnet W", "median_household_income": 45327.0, "median_gross_rent": 1066.0, "median_home_value": 127985.0, "total_population": 18750.0, "renter_pct": 63.6, "rent_burden_pct": 28.9, "listing_velocity": 1.03, "price_trajectory": 34.6, "rental_yield": 9.99, "investor_activity": 45.8, "dom_shift": -11.1, "displacement_risk": 68.6, "flip_rate": 14.1, "affordability_cliff": 0.81, "is_sample_data": true}, "geometry": {"type": "MultiPolygon", "coordinates": [[[[-95.55532, 29.71594], [-95.553895, 29.715932], [-95.553881, 29.715273], [-95.553876, 29.715023], [-95.553857, 29.714595], [-95.556262, 29.714673], [-95.556641, 29.714667], [-95.556706, 29.714666], [-95.556606, 29.715891], [-95.55532, 29.71594]]], [[[-95.557737, 29.718067], [-95.557475, 29.689424], [-95.5538, 29.689251], [-95.551584, 29.686617], [-95.557123, 29.684623], [-95.614466, 29.68437], [-95.614704, 29.713411], [-95.60467, 29.714229], [-95.604624, 29.710748], [-95.603909, 29.710758], [-95.603627, 29.710763], [-95.597147, 29.71152], [-95.596372, 29.714896], [-95.59222, 29.715231], [-95.592217, 29.71499], [-95.592385, 29.714903], [-95.592388, 29.71406], [-95.591725, 29.714069], [-95.590934, 29.714079], [-95.588309, 29.715577], [-95.571445, 29.716958], [-95.571443, 29.716836], [-95.571442, 29.716726], [-95.571401, 29.715529], [-95.569459, 29.715689], [-95.569534, 29.716508], [-95.569563, 29.716835], [-95.569054, 29.716917], [-95.568975, 29.715725], [-95.561504, 29.716303], [-95.560835, 29.714271], [-95.560415, 29.714522], [-95.559905, 29.714864], [-95.559282, 29.715126], [-95.559501, 29.717941], [-95.557737, 29.718067]], [[-95.580798, 29.71598], [-95.581444, 29.715931], [-95.582075, 29.715883], [-95.582064, 29.715299], [-95.581435, 29.715302], [-95.580792, 29.715311], [-95.580798, 29.71598]]]]}}, {"type": "Feature", "properties": {"zip": "77067", "name": "FM 1960 / Champions S", "median_household_income": 40713.0, "median_gross_rent": 1056.0, "median_home_value": 306507.0, "total_population": 42765.0, "renter_pct": 41.3, "rent_burden_pct": 32.8, "listing_velocity": 1.51, "price_trajectory": 43.2, "rental_yield": 4.13, "investor_activity": 71.3, "dom_shift": -10.1, "displacement_risk": 64.8, "flip_rate": 13.2, "affordability_cliff": 1.85, "is_sample_data": true}, "geometry": {"type": "Polygon", "coordinates": [[[-95.471351, 29.952049], [-95.480916, 29.951932], [-95.481226, 29.95574], [-95.474231, 29.955841], [-95.478911, 29.960552], [-95.481517, 29.958711], [-95.481526, 29.961297], [-95.481528, 29.962008], [-95.479856, 29.962005], [-95.481562, 29.965307], [-95.480496, 29.964316], [-95.464967, 29.964744], [-95.466572, 29.970873], [-95.464909, 29.971518], [-95.461845, 29.968456], [-95.462587, 29.964785], [-95.422915, 29.965982], [-95.418676, 29.956876], [-95.418128, 29.949639], [-95.420319, 29.949883], [-95.420327, 29.949213], [-95.420293, 29.949011], [-95.419708, 29.949026], [-95.418322, 29.949049], [-95.417956, 29.949058], [-95.417877, 29.94636], [-95.416609, 29.947033], [-95.416531, 29.946768], [-95.416024, 29.945036], [-95.417849, 29.945019], [-95.41787, 29.941079], [-95.431909, 29.937677], [-95.432608, 29.938981], [-95.457777, 29.937533], [-95.46085, 29.941245], [-95.464157, 29.940826], [-95.46835, 29.943965], [-95.474194, 29.944721], [-95.470227, 29.947398], [-95.468518, 29.945088], [-95.466863, 29.945699], [-95.467358, 29.947133], [-95.469588, 29.947767], [-95.468574, 29.948354], [-95.468378, 29.948464], [-95.471351, 29.952049]]]}}, {"type": "Feature", "properties": {"zip": "77066", "name": "Champions W", "median_household_income": 45011.0, "median_gross_rent": 1306.0, "median_home_value": 306522.0, "total_population": 32217.0, "renter_pct": 56.2, "rent_burden_pct": 34.9, "listing_velocity": 1.34, "price_trajectory": 32.9, "rental_yield": 5.11, "investor_activity": 65.7, "dom_shift": -6.6, "displacement_risk": 59.0, "flip_rate": 11.7, "affordability_cliff": 1.52, "is_sample_data": true}, "geometry": {"type": "Polygon", "coordinates": [[[-95.48774, 29.970472], [-95.486579, 29.968847], [-95.48631, 29.968423], [-95.484607, 29.969291], [-95.484541, 29.969197], [-95.484083, 29.96874], [-95.485844, 29.967787], [-95.485863, 29.966402], [-95.485935, 29.964217], [-95.485852, 29.964226], [-95.484144, 29.964376], [-95.483572, 29.965634], [-95.483474, 29.966487], [-95.480898, 29.964535], [-95.479856, 29.962005], [-95.481528, 29.962008], [-95.481526, 29.961297], [-95.481517, 29.958711], [-95.478911, 29.960552], [-95.474231, 29.955841], [-95.481226, 29.95574], [-95.480916, 29.951932], [-95.471105, 29.952052], [-95.468378, 29.948464], [-95.468574, 29.948354], [-95.469588, 29.947767], [-95.467358, 29.947133], [-95.466863, 29.945699], [-95.468518, 29.945088], [-95.470227, 29.947398], [-95.474194, 29.944721], [-95.46823, 29.943915], [-95.464157, 29.940826], [-95.462757, 29.941105], [-95.460133, 29.937697], [-95.515574, 29.937204], [-95.529225, 29.935646], [-95.51636, 29.937413], [-95.533378, 29.950714], [-95.529614, 29.950638], [-95.536184, 29.962094], [-95.530683, 29.964438], [-95.5328, 29.968706], [-95.529914, 29.970493], [-95.525699, 29.964551], [-95.522031, 29.966546], [-95.526314, 29.972466], [-95.522624, 29.974532], [-95.518367, 29.968596], [-95.51539, 29.970212], [-95.518963, 29.97647], [-95.511277, 29.980757], [-95.509765, 29.979514], [-95.507497, 29.979981], [-95.507859, 29.980547], [-95.507694, 29.980629], [-95.508303, 29.981464], [-95.50673, 29.983017], [-95.503076, 29.982692], [-95.503106, 29.982732], [-95.503342, 29.98305], [-95.504279, 29.984306], [-95.50256, 29.985586], [-95.501062, 29.983506], [-95.497174, 29.985571], [-95.496911, 29.985346], [-95.493308, 29.98113], [-95.493554, 29.981006], [-95.493705, 29.981242], [-95.495531, 29.980238], [-95.494625, 29.978964], [-95.491757, 29.979099], [-95.488695, 29.975111], [-95.486825, 29.971329], [-95.48774, 29.970472]]]}}, {"type": "Feature", "properties": {"zip": "77090", "name": "FM 1960 E / North Champions", "median_household_income": 62763.0, "median_gross_rent": 822.0, "median_home_value": 195051.0, "total_population": 38837.0, "renter_pct": 47.0, "rent_burden_pct": 16.3, "listing_velocity": 1.72, "price_trajectory": 32.8, "rental_yield": 5.06, "investor_activity": 62.7, "dom_shift": -7.7, "displacement_risk": 58.7, "flip_rate": 14.8, "affordability_cliff": 0.87, "is_sample_data": true}, "geometry": {"type": "Polygon", "coordinates": [[[-95.474913, 30.022369], [-95.476371, 30.024371], [-95.47253, 30.027382], [-95.467618, 30.026419], [-95.464538, 30.032527], [-95.462455, 30.032774], [-95.460504, 30.035259], [-95.45348, 30.03601], [-95.451227, 30.03775], [-95.447809, 30.035609], [-95.44334, 30.036563], [-95.43929, 30.033806], [-95.43596, 30.034755], [-95.43483, 30.033809], [-95.433125, 30.035699], [-95.430657, 30.034569], [-95.429398, 30.03563], [-95.428219, 30.012577], [-95.421147, 29.976871], [-95.417761, 29.96674], [-95.417764, 29.966072], [-95.417761, 29.965747], [-95.41934, 29.965729], [-95.418699, 29.961454], [-95.418965, 29.963479], [-95.421866, 29.962576], [-95.424368, 29.969918], [-95.43463, 29.978732], [-95.436061, 29.978166], [-95.435896, 29.976629], [-95.438001, 29.976036], [-95.437267, 29.981033], [-95.454952, 29.996226], [-95.462291, 30.004943], [-95.464393, 30.00398], [-95.465884, 30.006022], [-95.463687, 30.00709], [-95.474913, 30.022369]]]}}, {"type": "Feature", "properties": {"zip": "77034", "name": "Ellington / South Belt W", "median_household_income": 66102.0, "median_gross_rent": 1373.0, "median_home_value": 294960.0, "total_population": 27600.0, "renter_pct": 43.4, "rent_burden_pct": 23.5, "listing_velocity": 1.82, "price_trajectory": 38.1, "rental_yield": 5.59, "investor_activity": 45.6, "dom_shift": -8.0, "displacement_risk": 66.6, "flip_rate": 11.6, "affordability_cliff": 1.0, "is_sample_data": true}, "geometry": {"type": "Polygon", "coordinates": [[[-95.169609, 29.63059], [-95.142735, 29.631221], [-95.143035, 29.627608], [-95.143032, 29.627305], [-95.142997, 29.62403], [-95.153266, 29.623999], [-95.154009, 29.591699], [-95.168207, 29.5913], [-95.17457, 29.598036], [-95.176209, 29.596883], [-95.174684, 29.595234], [-95.176846, 29.593667], [-95.179846, 29.593609], [-95.182034, 29.587871], [-95.173442, 29.58711], [-95.168581, 29.58212], [-95.168677, 29.573837], [-95.165661, 29.573369], [-95.176117, 29.560889], [-95.176686, 29.561428], [-95.177076, 29.56176], [-95.178339, 29.562849], [-95.177805, 29.563295], [-95.177565, 29.563615], [-95.178484, 29.565664], [-95.173906, 29.569424], [-95.181294, 29.574477], [-95.18346, 29.580424], [-95.187254, 29.584053], [-95.186659, 29.586092], [-95.188525, 29.586074], [-95.188193, 29.587309], [-95.192401, 29.591269], [-95.191327, 29.592191], [-95.190551, 29.591547], [-95.191175, 29.592417], [-95.205866, 29.606641], [-95.209712, 29.604126], [-95.209811, 29.607189], [-95.209867, 29.608889], [-95.209875, 29.60953], [-95.212213, 29.612339], [-95.214482, 29.614406], [-95.216175, 29.615947], [-95.218239, 29.614219], [-95.217725, 29.617141], [-95.221096, 29.620021], [-95.221198, 29.62002], [-95.221218, 29.619688], [-95.222301, 29.619654], [-95.221229, 29.620549], [-95.22759, 29.625896], [-95.229668, 29.625207], [-95.231902, 29.627678], [-95.230924, 29.628831], [-95.233139, 29.629202], [-95.233089, 29.627653], [-95.234139, 29.62764], [-95.23434, 29.63224], [-95.233205, 29.631226], [-95.232317, 29.630682], [-95.244275, 29.641657], [-95.248689, 29.647734], [-95.253647, 29.647863], [-95.253757, 29.652167], [-95.218411, 29.65253], [-95.218343, 29.652526], [-95.217279, 29.652471], [-95.216394, 29.652424], [-95.216378, 29.652325], [-95.216181, 29.651043], [-95.207974, 29.65098], [-95.207815, 29.640876], [-95.210803, 29.637138], [-95.200326, 29.625517], [-95.200103, 29.625671], [-95.199899, 29.625811], [-95.197484, 29.627479], [-95.199252, 29.629267], [-95.192531, 29.634287], [-95.194987, 29.632038], [-95.192809, 29.631106], [-95.192791, 29.631323], [-95.192708, 29.632148], [-95.19133, 29.632151], [-95.187507, 29.628308], [-95.182957, 29.630313], [-95.169609, 29.63059]], [[-95.184071, 29.586812], [-95.180898, 29.58415], [-95.18061, 29.584455], [-95.180468, 29.584476], [-95.179774, 29.585195], [-95.182503, 29.586921], [-95.182487, 29.587925], [-95.182271, 29.588404], [-95.183305, 29.587494], [-95.184071, 29.586812]]]}}, {"type": "Feature", "properties": {"zip": "77029", "name": "Channelview / Cloverleaf W", "median_household_income": 34078.0, "median_gross_rent": 830.0, "median_home_value": 133898.0, "total_population": 21573.0, "renter_pct": 48.0, "rent_burden_pct": 29.5, "listing_velocity": 1.98, "price_trajectory": 48.6, "rental_yield": 7.44, "investor_activity": 63.3, "dom_shift": -10.8, "displacement_risk": 67.5, "flip_rate": 18.0, "affordability_cliff": 0.87, "is_sample_data": true}, "geometry": {"type": "MultiPolygon", "coordinates": [[[[-95.261366, 29.785559], [-95.259124, 29.787922], [-95.258896, 29.792459], [-95.24619, 29.794935], [-95.246135, 29.789566], [-95.246092, 29.786978], [-95.246138, 29.786826], [-95.251566, 29.786556], [-95.251379, 29.778552], [-95.258787, 29.777987], [-95.25903, 29.778155], [-95.259155, 29.778329], [-95.259302, 29.780154], [-95.260219, 29.780109], [-95.260354, 29.78371], [-95.260146, 29.784648], [-95.261116, 29.785217], [-95.261366, 29.785559]]], [[[-95.288812, 29.777548], [-95.291251, 29.776732], [-95.291239, 29.777401], [-95.291246, 29.777712], [-95.291251, 29.777891], [-95.288115, 29.77837], [-95.288746, 29.799291], [-95.288543, 29.799373], [-95.284336, 29.801024], [-95.28014, 29.802473], [-95.269543, 29.794853], [-95.270242, 29.795794], [-95.270661, 29.796163], [-95.271655, 29.796866], [-95.26685, 29.802359], [-95.265732, 29.80121], [-95.265656, 29.797368], [-95.269178, 29.795445], [-95.263664, 29.78118], [-95.264077, 29.775721], [-95.252142, 29.773839], [-95.23281, 29.773529], [-95.231852, 29.777129], [-95.228536, 29.774711], [-95.228054, 29.772411], [-95.224585, 29.773119], [-95.224962, 29.771859], [-95.223771, 29.771551], [-95.223771, 29.77147], [-95.213625, 29.770475], [-95.222625, 29.770478], [-95.222648, 29.767899], [-95.224442, 29.765128], [-95.224251, 29.760757], [-95.219487, 29.761484], [-95.219391, 29.757613], [-95.220368, 29.757509], [-95.218358, 29.756201], [-95.221866, 29.751944], [-95.223407, 29.747448], [-95.253991, 29.746188], [-95.253778, 29.730328], [-95.256675, 29.732137], [-95.256613, 29.726853], [-95.270313, 29.724428], [-95.275773, 29.727561], [-95.278513, 29.736228], [-95.287913, 29.750028], [-95.293669, 29.74722], [-95.293618, 29.747637], [-95.293198, 29.751669], [-95.292913, 29.754427], [-95.294519, 29.756931], [-95.294445, 29.766417], [-95.288677, 29.774918], [-95.288812, 29.777548]]]]}}, {"type": "Feature", "properties": {"zip": "77023", "name": "Second Ward / Eastwood", "median_household_income": 38158.0, "median_gross_rent": 910.0, "median_home_value": 182832.0, "total_population": 35136.0, "renter_pct": 52.0, "rent_burden_pct": 28.5, "listing_velocity": 2.17, "price_trajectory": 55.0, "rental_yield": 5.97, "investor_activity": 70.6, "dom_shift": -7.8, "displacement_risk": 65.2, "flip_rate": 12.2, "affordability_cliff": 1.15, "is_sample_data": true}, "geometry": {"type": "Polygon", "coordinates": [[[-95.326685, 29.695557], [-95.337523, 29.728585], [-95.342067, 29.731823], [-95.339807, 29.737441], [-95.343101, 29.744478], [-95.341988, 29.745957], [-95.339638, 29.746188], [-95.338977, 29.745793], [-95.339462, 29.745164], [-95.314247, 29.737263], [-95.317638, 29.733508], [-95.30777, 29.733123], [-95.311252, 29.724751], [-95.305029, 29.722377], [-95.305452, 29.726898], [-95.302749, 29.730082], [-95.297953, 29.727585], [-95.294595, 29.727879], [-95.291272, 29.72584], [-95.290126, 29.72349], [-95.286176, 29.722633], [-95.28631, 29.722354], [-95.286705, 29.721527], [-95.286909, 29.721103], [-95.285125, 29.719675], [-95.326685, 29.695557]]]}}, {"type": "Feature", "properties": {"zip": "77024", "name": "Memorial / Piney Point", "median_household_income": 192936.0, "median_gross_rent": 2504.0, "median_home_value": 874857.0, "total_population": 35254.0, "renter_pct": 30.0, "rent_burden_pct": 15.6, "listing_velocity": 1.25, "price_trajectory": 24.3, "rental_yield": 3.43, "investor_activity": 22.7, "dom_shift": -3.8, "displacement_risk": 36.7, "flip_rate": 5.7, "affordability_cliff": 1.06, "is_sample_data": true}, "geometry": {"type": "Polygon", "coordinates": [[[-95.475514, 29.783878], [-95.467992, 29.784071], [-95.468063, 29.789471], [-95.456951, 29.789423], [-95.461535, 29.788278], [-95.456907, 29.7875], [-95.456901, 29.787408], [-95.456777, 29.784128], [-95.456768, 29.783888], [-95.438212, 29.783238], [-95.448479, 29.767881], [-95.450324, 29.7686], [-95.455994, 29.766009], [-95.455722, 29.759957], [-95.457794, 29.75939], [-95.458024, 29.761577], [-95.460551, 29.762373], [-95.458037, 29.76412], [-95.462699, 29.767792], [-95.464975, 29.76697], [-95.464977, 29.768487], [-95.468459, 29.770607], [-95.471956, 29.770331], [-95.47304, 29.772051], [-95.475032, 29.772425], [-95.476273, 29.771088], [-95.478876, 29.773336], [-95.480893, 29.773308], [-95.481963, 29.770234], [-95.482978, 29.771746], [-95.485611, 29.769084], [-95.488226, 29.769528], [-95.487822, 29.767214], [-95.490997, 29.766679], [-95.489635, 29.764855], [-95.492314, 29.765403], [-95.491159, 29.763265], [-95.494601, 29.76505], [-95.496766, 29.761652], [-95.498424, 29.762075], [-95.499576, 29.760265], [-95.50254, 29.759468], [-95.50292, 29.757434], [-95.5052, 29.75793], [-95.504356, 29.756885], [-95.506423, 29.756446], [-95.506777, 29.755138], [-95.504459, 29.753628], [-95.505652, 29.748903], [-95.508399, 29.74826], [-95.506881, 29.747507], [-95.507304, 29.746457], [-95.511809, 29.745678], [-95.512547, 29.743792], [-95.514619, 29.744931], [-95.518318, 29.742623], [-95.519804, 29.744201], [-95.519576, 29.746675], [-95.522556, 29.748171], [-95.52403, 29.746714], [-95.525466, 29.748359], [-95.526259, 29.746868], [-95.52943, 29.745808], [-95.531993, 29.748079], [-95.531161, 29.75], [-95.533707, 29.749569], [-95.538702, 29.752624], [-95.541707, 29.751646], [-95.542558, 29.753103], [-95.545588, 29.752988], [-95.54514, 29.755005], [-95.548322, 29.757408], [-95.547773, 29.759079], [-95.55098, 29.760718], [-95.554501, 29.759203], [-95.554425, 29.760896], [-95.556624, 29.762474], [-95.559574, 29.760673], [-95.56271, 29.761962], [-95.568921, 29.761943], [-95.566056, 29.76206], [-95.565829, 29.76702], [-95.567641, 29.76978], [-95.567709, 29.769779], [-95.568595, 29.769379], [-95.569464, 29.768983], [-95.57073, 29.77145], [-95.570751, 29.771673], [-95.570754, 29.772645], [-95.562876, 29.772774], [-95.563147, 29.782711], [-95.56517, 29.784433], [-95.524694, 29.785081], [-95.521252, 29.784777], [-95.52126, 29.783734], [-95.498656, 29.784009], [-95.500417, 29.7882], [-95.492069, 29.78849], [-95.493032, 29.792189], [-95.495486, 29.794006], [-95.492392, 29.792639], [-95.492284, 29.790786], [-95.490619, 29.789731], [-95.491324, 29.787768], [-95.486955, 29.785521], [-95.48639, 29.783923], [-95.475514, 29.783878]], [[-95.499937, 29.786772], [-95.498388, 29.787685], [-95.499937, 29.786772]], [[-95.494831, 29.787171], [-95.491344, 29.787192], [-95.494831, 29.787171]], [[-95.44993, 29.783762], [-95.449835, 29.780832], [-95.442711, 29.780333], [-95.442544, 29.782456], [-95.44993, 29.783762]]]}}, {"type": "Feature", "properties": {"zip": "77033", "name": "South Acres / Crestmont", "median_household_income": 33945.0, "median_gross_rent": 834.0, "median_home_value": 120568.0, "total_population": 19538.0, "renter_pct": 50.0, "rent_burden_pct": 30.5, "listing_velocity": 1.05, "price_trajectory": 53.7, "rental_yield": 8.3, "investor_activity": 69.1, "dom_shift": -8.9, "displacement_risk": 63.1, "flip_rate": 9.7, "affordability_cliff": 0.99, "is_sample_data": true}, "geometry": {"type": "Polygon", "coordinates": [[[-95.355657, 29.672543], [-95.355965, 29.680921], [-95.363205, 29.680767], [-95.359384, 29.681907], [-95.359353, 29.681727], [-95.36022, 29.681479], [-95.35842, 29.680882], [-95.358148, 29.681633], [-95.358195, 29.682061], [-95.355508, 29.682889], [-95.351576, 29.682697], [-95.340941, 29.685707], [-95.340881, 29.687489], [-95.326944, 29.695307], [-95.314894, 29.654952], [-95.319527, 29.650847], [-95.328797, 29.649642], [-95.331713, 29.646432], [-95.337854, 29.644336], [-95.345288, 29.647857], [-95.34569, 29.647809], [-95.347912, 29.647081], [-95.348563, 29.64706], [-95.354038, 29.649384], [-95.356286, 29.648215], [-95.355291, 29.653483], [-95.355657, 29.672543]]]}}, {"type": "Feature", "properties": {"zip": "77073", "name": "IAH / North Houston", "median_household_income": 50577.0, "median_gross_rent": 1330.0, "median_home_value": 283756.0, "total_population": 45126.0, "renter_pct": 60.7, "rent_burden_pct": 30.9, "listing_velocity": 1.52, "price_trajectory": 29.8, "rental_yield": 5.62, "investor_activity": 62.1, "dom_shift": -10.3, "displacement_risk": 58.5, "flip_rate": 13.6, "affordability_cliff": 1.4, "is_sample_data": true}, "geometry": {"type": "Polygon", "coordinates": [[[-95.394844, 29.965954], [-95.417761, 29.965747], [-95.418799, 29.967551], [-95.427922, 30.010616], [-95.429398, 30.03563], [-95.426515, 30.035852], [-95.423578, 30.034416], [-95.416619, 30.037378], [-95.413329, 30.037526], [-95.410309, 30.036349], [-95.408072, 30.031913], [-95.405881, 30.030969], [-95.399994, 30.036088], [-95.388843, 30.036472], [-95.382415, 30.040362], [-95.380955, 30.027881], [-95.384673, 30.025535], [-95.386803, 30.022076], [-95.386611, 30.021997], [-95.385671, 30.023417], [-95.384978, 30.0234], [-95.385977, 30.021723], [-95.3801, 30.020372], [-95.375109, 30.011306], [-95.382913, 30.006442], [-95.391731, 30.003127], [-95.38906, 29.999219], [-95.388801, 29.996386], [-95.39569, 29.995197], [-95.392842, 29.983828], [-95.387873, 29.985399], [-95.384063, 29.9845], [-95.370443, 29.998717], [-95.369418, 29.995592], [-95.359578, 29.995601], [-95.359526, 29.991945], [-95.357618, 29.991007], [-95.361972, 29.988985], [-95.362102, 29.988922], [-95.362228, 29.988838], [-95.36351, 29.985658], [-95.363633, 29.985536], [-95.363782, 29.985428], [-95.365838, 29.984477], [-95.363859, 29.965463], [-95.370298, 29.96553], [-95.370283, 29.963564], [-95.371099, 29.963574], [-95.371607, 29.96358], [-95.371636, 29.965317], [-95.380261, 29.965403], [-95.381655, 29.969714], [-95.390285, 29.973507], [-95.387764, 29.9628], [-95.394043, 29.962992], [-95.394844, 29.965954]]]}}, {"type": "Feature", "properties": {"zip": "77075", "name": "Sagemont / Beverly Hills", "median_household_income": 37330.0, "median_gross_rent": 1245.0, "median_home_value": 199687.0, "total_population": 18515.0, "renter_pct": 64.8, "rent_burden_pct": 39.7, "listing_velocity": 1.45, "price_trajectory": 41.1, "rental_yield": 7.48, "investor_activity": 62.9, "dom_shift": -11.9, "displacement_risk": 80.9, "flip_rate": 13.4, "affordability_cliff": 1.21, "is_sample_data": true}, "geometry": {"type": "Polygon", "coordinates": [[[-95.262529, 29.64326], [-95.26262, 29.647735], [-95.262637, 29.647735], [-95.264906, 29.647705], [-95.263825, 29.651984], [-95.26349, 29.650758], [-95.262954, 29.650783], [-95.262996, 29.651995], [-95.253757, 29.652167], [-95.253647, 29.647863], [-95.248689, 29.647734], [-95.244275, 29.641657], [-95.232317, 29.630682], [-95.233205, 29.631226], [-95.23434, 29.63224], [-95.234139, 29.62764], [-95.233089, 29.627653], [-95.233139, 29.629202], [-95.230924, 29.628831], [-95.231902, 29.627678], [-95.229668, 29.625207], [-95.22759, 29.625896], [-95.221229, 29.620549], [-95.2214, 29.620431], [-95.222037, 29.620428], [-95.222748, 29.62042], [-95.222609, 29.618809], [-95.225403, 29.618434], [-95.226897, 29.618633], [-95.228478, 29.617332], [-95.229956, 29.618587], [-95.240094, 29.609354], [-95.238305, 29.608072], [-95.247813, 29.600457], [-95.286397, 29.599977], [-95.286506, 29.597588], [-95.297409, 29.596514], [-95.308757, 29.634591], [-95.305909, 29.626523], [-95.302824, 29.62987], [-95.302993, 29.634865], [-95.302339, 29.63521], [-95.299742, 29.636582], [-95.298486, 29.635433], [-95.295153, 29.637653], [-95.295019, 29.637762], [-95.295033, 29.638007], [-95.29506, 29.638965], [-95.29284, 29.638131], [-95.292084, 29.639427], [-95.288764, 29.639582], [-95.288254, 29.636694], [-95.288107, 29.636449], [-95.286644, 29.634325], [-95.285691, 29.634274], [-95.286418, 29.634259], [-95.286583, 29.634236], [-95.285533, 29.629831], [-95.285246, 29.629852], [-95.278869, 29.629975], [-95.278496, 29.629921], [-95.278551, 29.634393], [-95.268621, 29.634542], [-95.26682, 29.63243], [-95.26666, 29.632433], [-95.264613, 29.632473], [-95.264691, 29.638944], [-95.262437, 29.638978], [-95.262529, 29.64326]]]}}, {"type": "Feature", "properties": {"zip": "77089", "name": "South Belt / Ellington S", "median_household_income": 67697.0, "median_gross_rent": 856.0, "median_home_value": 138590.0, "total_population": 20551.0, "renter_pct": 40.1, "rent_burden_pct": 15.8, "listing_velocity": 1.86, "price_trajectory": 29.5, "rental_yield": 7.41, "investor_activity": 64.7, "dom_shift": -2.0, "displacement_risk": 56.8, "flip_rate": 13.2, "affordability_cliff": 0.48, "is_sample_data": true}, "geometry": {"type": "Polygon", "coordinates": [[[-95.219052, 29.618116], [-95.217457, 29.616546], [-95.218239, 29.614219], [-95.216175, 29.615947], [-95.209875, 29.60953], [-95.209867, 29.608889], [-95.209811, 29.607189], [-95.209712, 29.604126], [-95.205866, 29.606641], [-95.191175, 29.592417], [-95.190551, 29.591547], [-95.191327, 29.592191], [-95.192401, 29.591269], [-95.188193, 29.587309], [-95.188525, 29.586074], [-95.186659, 29.586092], [-95.187254, 29.584053], [-95.18346, 29.580424], [-95.180946, 29.575355], [-95.186443, 29.571709], [-95.186996, 29.564077], [-95.193096, 29.568012], [-95.198807, 29.562728], [-95.201464, 29.564198], [-95.20121, 29.561455], [-95.202789, 29.561337], [-95.204191, 29.558142], [-95.205858, 29.559164], [-95.205669, 29.557674], [-95.207726, 29.557795], [-95.206745, 29.558851], [-95.208538, 29.559901], [-95.210317, 29.558405], [-95.213129, 29.558916], [-95.213738, 29.556991], [-95.212763, 29.556232], [-95.215838, 29.554708], [-95.216291, 29.55666], [-95.214153, 29.556826], [-95.217456, 29.559184], [-95.220952, 29.556939], [-95.222121, 29.558264], [-95.217649, 29.56276], [-95.22359, 29.56784], [-95.226864, 29.567504], [-95.227367, 29.567868], [-95.227845, 29.568205], [-95.228797, 29.568994], [-95.227051, 29.572243], [-95.232111, 29.576626], [-95.237707, 29.571446], [-95.238501, 29.572075], [-95.239539, 29.572902], [-95.242218, 29.570103], [-95.241833, 29.569809], [-95.240863, 29.569059], [-95.24052, 29.568794], [-95.241517, 29.567854], [-95.249937, 29.559917], [-95.252362, 29.557631], [-95.252361, 29.560562], [-95.259666, 29.574423], [-95.258795, 29.577875], [-95.261154, 29.58108], [-95.260153, 29.58385], [-95.262161, 29.586921], [-95.26028, 29.589951], [-95.261522, 29.593031], [-95.266443, 29.594621], [-95.268041, 29.593834], [-95.27654, 29.594859], [-95.27744, 29.596085], [-95.280063, 29.595459], [-95.282598, 29.597648], [-95.286506, 29.597588], [-95.286397, 29.599977], [-95.247813, 29.600457], [-95.238305, 29.608072], [-95.240094, 29.609354], [-95.229956, 29.618587], [-95.228478, 29.617332], [-95.226897, 29.618633], [-95.225403, 29.618434], [-95.222609, 29.618809], [-95.222748, 29.62042], [-95.222037, 29.620428], [-95.219052, 29.618116]]]}}, {"type": "Feature", "properties": {"zip": "77063", "name": "Sharpstown N / Tanglewilde", "median_household_income": 57943.0, "median_gross_rent": 1104.0, "median_home_value": 308834.0, "total_population": 26019.0, "renter_pct": 61.9, "rent_burden_pct": 23.8, "listing_velocity": 1.57, "price_trajectory": 36.8, "rental_yield": 4.29, "investor_activity": 46.6, "dom_shift": -3.9, "displacement_risk": 54.3, "flip_rate": 13.2, "affordability_cliff": 1.21, "is_sample_data": true}, "geometry": {"type": "Polygon", "coordinates": [[[-95.50095, 29.742489], [-95.501044, 29.722678], [-95.539059, 29.719588], [-95.539081, 29.7221], [-95.540693, 29.724128], [-95.541611, 29.722951], [-95.541555, 29.723079], [-95.541565, 29.724166], [-95.541856, 29.724171], [-95.539127, 29.726506], [-95.543556, 29.729607], [-95.541363, 29.730486], [-95.541415, 29.732276], [-95.540834, 29.732327], [-95.54209, 29.732308], [-95.542099, 29.732896], [-95.542135, 29.734041], [-95.542158, 29.734613], [-95.540329, 29.733769], [-95.538871, 29.737117], [-95.539426, 29.737106], [-95.540438, 29.737102], [-95.54141, 29.737084], [-95.542404, 29.74935], [-95.546752, 29.75162], [-95.544788, 29.753169], [-95.542558, 29.753103], [-95.541707, 29.751646], [-95.538614, 29.752596], [-95.533707, 29.749569], [-95.531023, 29.74991], [-95.531993, 29.748079], [-95.52943, 29.745808], [-95.526259, 29.746868], [-95.525466, 29.748359], [-95.52403, 29.746714], [-95.522556, 29.748171], [-95.519576, 29.746675], [-95.519804, 29.744201], [-95.518173, 29.742639], [-95.514619, 29.744931], [-95.512547, 29.743792], [-95.511809, 29.745678], [-95.507304, 29.746457], [-95.506881, 29.747507], [-95.508399, 29.74826], [-95.505652, 29.748903], [-95.504459, 29.753628], [-95.506827, 29.755907], [-95.504394, 29.756819], [-95.50515, 29.757957], [-95.50292, 29.757434], [-95.502755, 29.759237], [-95.500965, 29.760407], [-95.501109, 29.752886], [-95.503043, 29.752131], [-95.501424, 29.752087], [-95.501103, 29.75042], [-95.503014, 29.750458], [-95.50298, 29.750107], [-95.503004, 29.749827], [-95.503088, 29.749338], [-95.501061, 29.749261], [-95.50095, 29.742489]]]}}, {"type": "Feature", "properties": {"zip": "77026", "name": "Fifth Ward / Lyons Ave", "median_household_income": 27035.0, "median_gross_rent": 782.0, "median_home_value": 92250.0, "total_population": 17830.0, "renter_pct": 55.0, "rent_burden_pct": 34.3, "listing_velocity": 1.43, "price_trajectory": 41.5, "rental_yield": 10.17, "investor_activity": 68.0, "dom_shift": -6.8, "displacement_risk": 76.9, "flip_rate": 14.7, "affordability_cliff": 0.87, "is_sample_data": true}, "geometry": {"type": "Polygon", "coordinates": [[[-95.351334, 29.776525], [-95.351426, 29.783371], [-95.348687, 29.783435], [-95.348896, 29.78436], [-95.349083, 29.785182], [-95.348815, 29.786712], [-95.347619, 29.7897], [-95.346973, 29.791578], [-95.346004, 29.793461], [-95.347416, 29.783468], [-95.345267, 29.78351], [-95.347308, 29.802984], [-95.350285, 29.812429], [-95.351691, 29.812858], [-95.352373, 29.819732], [-95.327189, 29.819861], [-95.301912, 29.81115], [-95.301882, 29.807423], [-95.307164, 29.809421], [-95.316926, 29.808939], [-95.317072, 29.807883], [-95.308683, 29.809272], [-95.305783, 29.808264], [-95.305851, 29.800295], [-95.304701, 29.800312], [-95.30268, 29.800342], [-95.301847, 29.80036], [-95.301818, 29.795733], [-95.301811, 29.793913], [-95.292017, 29.798099], [-95.33996, 29.777389], [-95.34062, 29.778592], [-95.341799, 29.776673], [-95.348015, 29.774571], [-95.34803, 29.773562], [-95.35128, 29.773606], [-95.351334, 29.776525]]]}}, {"type": "Feature", "properties": {"zip": "77007", "name": "Heights East", "median_household_income": 86095.0, "median_gross_rent": 1718.0, "median_home_value": 493291.0, "total_population": 35457.0, "renter_pct": 55.0, "rent_burden_pct": 22.0, "listing_velocity": 1.24, "price_trajectory": 30.9, "rental_yield": 4.18, "investor_activity": 46.5, "dom_shift": -5.2, "displacement_risk": 56.1, "flip_rate": 11.5, "affordability_cliff": 1.55, "is_sample_data": true}, "geometry": {"type": "MultiPolygon", "coordinates": [[[[-95.444301, 29.780806], [-95.449835, 29.780832], [-95.44993, 29.783762], [-95.442544, 29.782456], [-95.442711, 29.780333], [-95.443812, 29.780475], [-95.444295, 29.780529], [-95.444301, 29.780806]]], [[[-95.397618, 29.787008], [-95.396334, 29.787025], [-95.395245, 29.78704], [-95.395265, 29.788896], [-95.394164, 29.788907], [-95.394135, 29.787228], [-95.394133, 29.787054], [-95.387782, 29.787622], [-95.387029, 29.779433], [-95.38307, 29.780684], [-95.381983, 29.778907], [-95.380708, 29.779017], [-95.375185, 29.780883], [-95.372458, 29.778357], [-95.36811, 29.777086], [-95.364999, 29.770499], [-95.359113, 29.767076], [-95.360846, 29.76715], [-95.360556, 29.765161], [-95.362277, 29.765225], [-95.362876, 29.767712], [-95.362319, 29.766594], [-95.372344, 29.768789], [-95.370075, 29.763257], [-95.373205, 29.76116], [-95.380877, 29.761927], [-95.382822, 29.763937], [-95.385313, 29.761653], [-95.395381, 29.762937], [-95.408081, 29.760382], [-95.412977, 29.762379], [-95.413455, 29.760076], [-95.416027, 29.760159], [-95.418289, 29.75755], [-95.420284, 29.75928], [-95.422312, 29.757345], [-95.424227, 29.758297], [-95.425168, 29.756582], [-95.428168, 29.760541], [-95.429525, 29.760316], [-95.42846, 29.759344], [-95.429334, 29.758284], [-95.43304, 29.759798], [-95.433751, 29.757665], [-95.438582, 29.759629], [-95.438021, 29.757132], [-95.43967, 29.757082], [-95.442645, 29.753595], [-95.44605, 29.753942], [-95.455722, 29.759957], [-95.455994, 29.766009], [-95.450324, 29.7686], [-95.448479, 29.767881], [-95.439612, 29.781512], [-95.43674, 29.781257], [-95.436746, 29.783926], [-95.409655, 29.783324], [-95.408617, 29.783581], [-95.408403, 29.786833], [-95.397618, 29.787008]]]]}}, {"type": "Feature", "properties": {"zip": "77076", "name": "Acres Homes E / Bordersville", "median_household_income": 35786.0, "median_gross_rent": 887.0, "median_home_value": 153485.0, "total_population": 24385.0, "renter_pct": 55.0, "rent_burden_pct": 29.3, "listing_velocity": 1.59, "price_trajectory": 45.7, "rental_yield": 6.93, "investor_activity": 61.6, "dom_shift": -11.6, "displacement_risk": 67.5, "flip_rate": 13.5, "affordability_cliff": 1.22, "is_sample_data": true}, "geometry": {"type": "Polygon", "coordinates": [[[-95.374596, 29.875649], [-95.373027, 29.875661], [-95.372958, 29.877318], [-95.372915, 29.877319], [-95.370223, 29.877364], [-95.367371, 29.877407], [-95.366384, 29.873534], [-95.36653, 29.876477], [-95.360334, 29.851757], [-95.360996, 29.851911], [-95.362335, 29.851876], [-95.362257, 29.847893], [-95.366811, 29.847844], [-95.370178, 29.845864], [-95.397641, 29.845413], [-95.397642, 29.847229], [-95.397672, 29.847253], [-95.403014, 29.846522], [-95.409281, 29.847554], [-95.409294, 29.849123], [-95.409333, 29.851012], [-95.409354, 29.852428], [-95.403025, 29.851267], [-95.403025, 29.853076], [-95.406384, 29.853669], [-95.406348, 29.854332], [-95.403958, 29.8545], [-95.403042, 29.854639], [-95.402578, 29.859395], [-95.405297, 29.864254], [-95.406483, 29.864221], [-95.409463, 29.864205], [-95.409576, 29.864196], [-95.409628, 29.86744], [-95.407379, 29.868332], [-95.408005, 29.869561], [-95.408133, 29.869872], [-95.401445, 29.869867], [-95.401605, 29.872422], [-95.400664, 29.872428], [-95.400628, 29.869875], [-95.384913, 29.87005], [-95.386514, 29.875603], [-95.374596, 29.875649]]]}}, {"type": "Feature", "properties": {"zip": "77030", "name": "Texas Medical Center", "median_household_income": 64863.0, "median_gross_rent": 1395.0, "median_home_value": 339485.0, "total_population": 20502.0, "renter_pct": 65.0, "rent_burden_pct": 24.7, "listing_velocity": 0.97, "price_trajectory": 32.7, "rental_yield": 4.93, "investor_activity": 54.2, "dom_shift": -3.4, "displacement_risk": 63.3, "flip_rate": 8.6, "affordability_cliff": 1.47, "is_sample_data": true}, "geometry": {"type": "Polygon", "coordinates": [[[-95.383335, 29.712697], [-95.38212, 29.713013], [-95.386922, 29.699088], [-95.388409, 29.70298], [-95.389091, 29.701126], [-95.390501, 29.700489], [-95.39057, 29.698242], [-95.395799, 29.696949], [-95.394847, 29.702072], [-95.396605, 29.702999], [-95.396687, 29.696749], [-95.402283, 29.69542], [-95.400976, 29.696344], [-95.40157, 29.69776], [-95.401378, 29.696948], [-95.40488, 29.696902], [-95.404766, 29.694827], [-95.408014, 29.694033], [-95.408592, 29.6939], [-95.40906, 29.693779], [-95.413353, 29.695753], [-95.415436, 29.693099], [-95.418624, 29.696313], [-95.417523, 29.696665], [-95.418169, 29.697833], [-95.418623, 29.697628], [-95.419404, 29.697199], [-95.419605, 29.697515], [-95.419586, 29.699122], [-95.419484, 29.699153], [-95.418221, 29.699158], [-95.419288, 29.701657], [-95.418222, 29.70183], [-95.418269, 29.704398], [-95.422972, 29.704389], [-95.422976, 29.704537], [-95.422982, 29.704767], [-95.423018, 29.706129], [-95.418288, 29.706164], [-95.418399, 29.715054], [-95.41666, 29.715059], [-95.414907, 29.715073], [-95.414898, 29.714225], [-95.411738, 29.715029], [-95.400876, 29.711487], [-95.390258, 29.724958], [-95.389498, 29.724494], [-95.389358, 29.724433], [-95.391316, 29.721942], [-95.387639, 29.720116], [-95.389315, 29.718692], [-95.387004, 29.717281], [-95.389315, 29.714531], [-95.391127, 29.708184], [-95.387771, 29.708641], [-95.383335, 29.712697]]]}}, {"type": "Feature", "properties": {"zip": "77057", "name": "Westheimer / Uptown E", "median_household_income": 66889.0, "median_gross_rent": 1264.0, "median_home_value": 280632.0, "total_population": 24925.0, "renter_pct": 65.0, "rent_burden_pct": 24.0, "listing_velocity": 1.61, "price_trajectory": 27.8, "rental_yield": 5.4, "investor_activity": 63.2, "dom_shift": -2.6, "displacement_risk": 69.1, "flip_rate": 12.7, "affordability_cliff": 1.03, "is_sample_data": true}, "geometry": {"type": "Polygon", "coordinates": [[[-95.476576, 29.737984], [-95.476411, 29.730216], [-95.480337, 29.729543], [-95.476414, 29.728838], [-95.476506, 29.724655], [-95.501044, 29.722678], [-95.501049, 29.749144], [-95.503088, 29.749338], [-95.503004, 29.749827], [-95.50298, 29.750107], [-95.503014, 29.750458], [-95.501103, 29.75042], [-95.501424, 29.752087], [-95.503043, 29.752131], [-95.501109, 29.752886], [-95.500857, 29.760378], [-95.499204, 29.760524], [-95.498424, 29.762075], [-95.496766, 29.761652], [-95.494601, 29.76505], [-95.491159, 29.763265], [-95.492314, 29.765403], [-95.489635, 29.764855], [-95.490997, 29.766679], [-95.487822, 29.767214], [-95.488226, 29.769528], [-95.485611, 29.769084], [-95.482978, 29.771746], [-95.481963, 29.770234], [-95.480578, 29.773352], [-95.478159, 29.770821], [-95.476576, 29.737984]]]}}, {"type": "Feature", "properties": {"zip": "77043", "name": "Spring Branch N", "median_household_income": 59182.0, "median_gross_rent": 1227.0, "median_home_value": 258189.0, "total_population": 29751.0, "renter_pct": 42.6, "rent_burden_pct": 24.4, "listing_velocity": 1.52, "price_trajectory": 34.9, "rental_yield": 5.7, "investor_activity": 64.7, "dom_shift": -4.1, "displacement_risk": 57.1, "flip_rate": 7.8, "affordability_cliff": 1.08, "is_sample_data": true}, "geometry": {"type": "Polygon", "coordinates": [[[-95.592273, 29.785669], [-95.592281, 29.785469], [-95.592292, 29.785214], [-95.594725, 29.785224], [-95.595851, 29.787502], [-95.596486, 29.78523], [-95.598547, 29.785224], [-95.599345, 29.785231], [-95.599301, 29.788488], [-95.595434, 29.788451], [-95.595137, 29.79052], [-95.617232, 29.790612], [-95.617532, 29.811287], [-95.611368, 29.820521], [-95.614964, 29.823849], [-95.614566, 29.824014], [-95.61345, 29.824593], [-95.613713, 29.824933], [-95.61547, 29.824567], [-95.616391, 29.826283], [-95.617275, 29.835998], [-95.611656, 29.835818], [-95.604839, 29.833736], [-95.604854, 29.834316], [-95.604866, 29.834627], [-95.604986, 29.84124], [-95.604727, 29.841211], [-95.597824, 29.841342], [-95.597777, 29.843086], [-95.595906, 29.843097], [-95.589899, 29.843134], [-95.589742, 29.849304], [-95.589197, 29.849617], [-95.58899, 29.849736], [-95.577722, 29.839563], [-95.575855, 29.831793], [-95.569953, 29.831804], [-95.569953, 29.829772], [-95.568487, 29.829772], [-95.567111, 29.829771], [-95.567125, 29.831837], [-95.545321, 29.832239], [-95.54526, 29.822708], [-95.547886, 29.822905], [-95.54807, 29.821091], [-95.545494, 29.821289], [-95.545496, 29.820879], [-95.5455, 29.820107], [-95.545236, 29.820045], [-95.54514, 29.805325], [-95.547351, 29.802087], [-95.546419, 29.799223], [-95.544774, 29.799244], [-95.546384, 29.79756], [-95.545808, 29.79512], [-95.544707, 29.795102], [-95.54487, 29.78494], [-95.543969, 29.78431], [-95.590281, 29.784543], [-95.589955, 29.786179], [-95.592273, 29.785669]]]}}, {"type": "Feature", "properties": {"zip": "77045", "name": "South Main / Hiram Clarke", "median_household_income": 45177.0, "median_gross_rent": 1049.0, "median_home_value": 177299.0, "total_population": 25225.0, "renter_pct": 45.0, "rent_burden_pct": 26.7, "listing_velocity": 1.54, "price_trajectory": 32.9, "rental_yield": 7.1, "investor_activity": 71.9, "dom_shift": -3.8, "displacement_risk": 57.6, "flip_rate": 15.2, "affordability_cliff": 1.07, "is_sample_data": true}, "geometry": {"type": "Polygon", "coordinates": [[[-95.465065, 29.621678], [-95.465931, 29.621698], [-95.467209, 29.621868], [-95.467218, 29.623625], [-95.474421, 29.62373], [-95.479093, 29.626538], [-95.482788, 29.626722], [-95.482593, 29.626897], [-95.482476, 29.627136], [-95.482173, 29.628465], [-95.465185, 29.62728], [-95.463498, 29.631289], [-95.463734, 29.647365], [-95.446585, 29.653248], [-95.446496, 29.647098], [-95.439616, 29.647207], [-95.439253, 29.654818], [-95.445226, 29.653481], [-95.44266, 29.654442], [-95.441356, 29.656497], [-95.397058, 29.670326], [-95.39391, 29.67733], [-95.410544, 29.63506], [-95.387347, 29.636158], [-95.387281, 29.632302], [-95.38728, 29.632212], [-95.39064, 29.632663], [-95.392262, 29.63139], [-95.406594, 29.628752], [-95.408916, 29.622876], [-95.413196, 29.61982], [-95.417462, 29.618968], [-95.419592, 29.613628], [-95.421054, 29.61363], [-95.422695, 29.613609], [-95.423729, 29.613595], [-95.423714, 29.611378], [-95.423696, 29.609965], [-95.424787, 29.609942], [-95.427319, 29.609932], [-95.429856, 29.609897], [-95.429814, 29.606271], [-95.434734, 29.606213], [-95.435242, 29.613481], [-95.437442, 29.61345], [-95.437951, 29.612017], [-95.438253, 29.612028], [-95.438383, 29.61203], [-95.438419, 29.613434], [-95.450338, 29.613291], [-95.450932, 29.606016], [-95.459676, 29.605868], [-95.459702, 29.606088], [-95.459736, 29.607725], [-95.459771, 29.609528], [-95.464938, 29.609437], [-95.465065, 29.621678]]]}}, {"type": "Feature", "properties": {"zip": "77074", "name": "Gulfton / Bellaire SW", "median_household_income": 41168.0, "median_gross_rent": 1049.0, "median_home_value": 181183.0, "total_population": 37103.0, "renter_pct": 60.0, "rent_burden_pct": 28.6, "listing_velocity": 1.17, "price_trajectory": 37.2, "rental_yield": 6.95, "investor_activity": 63.9, "dom_shift": -9.3, "displacement_risk": 63.9, "flip_rate": 17.1, "affordability_cliff": 1.12, "is_sample_data": true}, "geometry": {"type": "MultiPolygon", "coordinates": [[[[-95.514824, 29.703898], [-95.516238, 29.704868], [-95.513482, 29.704503], [-95.514824, 29.703898]]], [[[-95.494168, 29.718735], [-95.495658, 29.717374], [-95.496082, 29.717799], [-95.496232, 29.717654], [-95.496918, 29.718223], [-95.495144, 29.719795], [-95.494781, 29.720115], [-95.494168, 29.718735]]], [[[-95.499288, 29.716841], [-95.500549, 29.716139], [-95.498589, 29.719574], [-95.496817, 29.719267], [-95.49599, 29.720261], [-95.49691, 29.721018], [-95.494986, 29.720657], [-95.499081, 29.717025], [-95.499288, 29.716841]]], [[[-95.556948, 29.662156], [-95.551399, 29.667637], [-95.55337, 29.668052], [-95.553368, 29.668995], [-95.553356, 29.669507], [-95.553336, 29.670617], [-95.548124, 29.670661], [-95.548488, 29.672792], [-95.547764, 29.670988], [-95.547133, 29.671573], [-95.545976, 29.672651], [-95.546036, 29.674539], [-95.54379, 29.674664], [-95.544948, 29.673494], [-95.545609, 29.672703], [-95.543619, 29.674529], [-95.542565, 29.675511], [-95.542178, 29.675871], [-95.542529, 29.678034], [-95.538588, 29.679538], [-95.538835, 29.679143], [-95.539129, 29.678711], [-95.535228, 29.682721], [-95.53643, 29.685106], [-95.535194, 29.68693], [-95.53305, 29.68552], [-95.531968, 29.686513], [-95.530841, 29.687947], [-95.530753, 29.688059], [-95.530976, 29.688185], [-95.531591, 29.688541], [-95.532049, 29.688812], [-95.532716, 29.692227], [-95.527167, 29.692102], [-95.507741, 29.709587], [-95.508166, 29.709969], [-95.508698, 29.710378], [-95.509268, 29.710771], [-95.508501, 29.712238], [-95.507596, 29.711448], [-95.507328, 29.711214], [-95.506581, 29.71059], [-95.504056, 29.712847], [-95.505127, 29.713801], [-95.503917, 29.71492], [-95.502814, 29.71396], [-95.501487, 29.71489], [-95.499359, 29.716778], [-95.499288, 29.716841], [-95.498496, 29.713717], [-95.49629, 29.711711], [-95.494071, 29.712229], [-95.493143, 29.710183], [-95.494951, 29.710164], [-95.495171, 29.705463], [-95.494301, 29.705454], [-95.493067, 29.705453], [-95.49305, 29.705453], [-95.492993, 29.694803], [-95.494814, 29.693885], [-95.494471, 29.692114], [-95.494052, 29.69212], [-95.493603, 29.692116], [-95.492953, 29.692111], [-95.492412, 29.688256], [-95.493192, 29.678171], [-95.510709, 29.676087], [-95.515765, 29.673617], [-95.517064, 29.674119], [-95.514638, 29.676734], [-95.517631, 29.677904], [-95.518451, 29.681882], [-95.530519, 29.676419], [-95.529793, 29.67336], [-95.534857, 29.671977], [-95.538143, 29.668838], [-95.543085, 29.668119], [-95.555675, 29.658669], [-95.557665, 29.660582], [-95.55644, 29.658268], [-95.562225, 29.656431], [-95.565479, 29.653856], [-95.557862, 29.660935], [-95.560355, 29.668451], [-95.556634, 29.667692], [-95.55642, 29.664595], [-95.554906, 29.66452], [-95.556948, 29.662156]]]]}}, {"type": "Feature", "properties": {"zip": "77096", "name": "Fondren / Braeburn Glen", "median_household_income": 54988.0, "median_gross_rent": 1453.0, "median_home_value": 224903.0, "total_population": 43511.0, "renter_pct": 47.8, "rent_burden_pct": 30.0, "listing_velocity": 1.29, "price_trajectory": 39.0, "rental_yield": 7.75, "investor_activity": 57.8, "dom_shift": -8.5, "displacement_risk": 74.7, "flip_rate": 11.9, "affordability_cliff": 0.92, "is_sample_data": true}, "geometry": {"type": "Polygon", "coordinates": [[[-95.508574, 29.670665], [-95.509512, 29.674488], [-95.508641, 29.676172], [-95.493192, 29.678171], [-95.492489, 29.689838], [-95.476081, 29.691115], [-95.476117, 29.690334], [-95.476233, 29.689901], [-95.47624, 29.689828], [-95.447054, 29.689957], [-95.446686, 29.673226], [-95.457122, 29.67252], [-95.457446, 29.674934], [-95.459162, 29.675468], [-95.460603, 29.671001], [-95.465219, 29.66937], [-95.474818, 29.661254], [-95.476316, 29.661336], [-95.476314, 29.659477], [-95.479433, 29.658086], [-95.494884, 29.657126], [-95.494896, 29.657667], [-95.495575, 29.657658], [-95.497511, 29.658009], [-95.497486, 29.657129], [-95.498105, 29.657115], [-95.498108, 29.658135], [-95.503058, 29.658497], [-95.503304, 29.656068], [-95.509728, 29.656005], [-95.509778, 29.659181], [-95.508443, 29.659189], [-95.509346, 29.660597], [-95.509095, 29.660599], [-95.508468, 29.660611], [-95.508574, 29.670665]]]}}, {"type": "Feature", "properties": {"zip": "77070", "name": "Willowbrook / Lakewood Forest", "median_household_income": 45698.0, "median_gross_rent": 1190.0, "median_home_value": 352602.0, "total_population": 24961.0, "renter_pct": 45.4, "rent_burden_pct": 32.9, "listing_velocity": 2.03, "price_trajectory": 42.3, "rental_yield": 4.05, "investor_activity": 74.0, "dom_shift": -7.7, "displacement_risk": 73.0, "flip_rate": 18.4, "affordability_cliff": 1.68, "is_sample_data": true}, "geometry": {"type": "Polygon", "coordinates": [[[-95.584696, 29.939827], [-95.584868, 29.952549], [-95.585811, 29.953031], [-95.584991, 29.956823], [-95.587735, 29.957032], [-95.585034, 29.95926], [-95.585234, 29.965662], [-95.586327, 29.965597], [-95.586012, 29.966788], [-95.591251, 29.96733], [-95.600412, 29.975073], [-95.596165, 29.979985], [-95.599798, 29.981561], [-95.602772, 29.977032], [-95.61567, 29.987995], [-95.605755, 29.996518], [-95.605416, 29.998162], [-95.60254, 29.996593], [-95.587568, 29.996635], [-95.582617, 30.001741], [-95.590658, 30.013058], [-95.58774, 30.009982], [-95.589073, 30.013038], [-95.587411, 30.013057], [-95.586468, 30.013069], [-95.585595, 30.01308], [-95.585612, 30.014746], [-95.577906, 30.015076], [-95.570625, 30.022776], [-95.540762, 29.97019], [-95.539514, 29.968551], [-95.536489, 29.968724], [-95.535555, 29.967364], [-95.538381, 29.96601], [-95.529614, 29.950638], [-95.529826, 29.950618], [-95.530747, 29.950558], [-95.533227, 29.955797], [-95.534692, 29.955076], [-95.534892, 29.955025], [-95.534873, 29.958232], [-95.536169, 29.956513], [-95.535367, 29.954901], [-95.540763, 29.959347], [-95.544595, 29.958544], [-95.54758, 29.961034], [-95.552235, 29.956747], [-95.553124, 29.952867], [-95.556434, 29.952895], [-95.567737, 29.943277], [-95.569028, 29.940527], [-95.567774, 29.937487], [-95.572088, 29.937519], [-95.573031, 29.940065], [-95.577836, 29.937146], [-95.577642, 29.933627], [-95.579683, 29.933616], [-95.579658, 29.935407], [-95.580007, 29.935829], [-95.588611, 29.930663], [-95.587774, 29.933633], [-95.585301, 29.935075], [-95.593542, 29.934698], [-95.592898, 29.93734], [-95.584785, 29.936527], [-95.584696, 29.939827]]]}}, {"type": "Feature", "properties": {"zip": "77095", "name": "Copperfield / Bear Creek N", "median_household_income": 67597.0, "median_gross_rent": 1281.0, "median_home_value": 171141.0, "total_population": 48621.0, "renter_pct": 61.1, "rent_burden_pct": 22.0, "listing_velocity": 1.62, "price_trajectory": 24.3, "rental_yield": 8.98, "investor_activity": 68.1, "dom_shift": -4.0, "displacement_risk": 56.9, "flip_rate": 10.0, "affordability_cliff": 0.6, "is_sample_data": true}, "geometry": {"type": "Polygon", "coordinates": [[[-95.668149, 29.879014], [-95.676126, 29.878961], [-95.675082, 29.880878], [-95.675246, 29.887445], [-95.67816, 29.887859], [-95.675723, 29.890006], [-95.677169, 29.891159], [-95.679177, 29.891148], [-95.680643, 29.888434], [-95.683364, 29.88818], [-95.685981, 29.907843], [-95.686273, 29.926325], [-95.684771, 29.92952], [-95.683231, 29.928946], [-95.682438, 29.928649], [-95.680463, 29.930617], [-95.680406, 29.933069], [-95.680638, 29.933414], [-95.681023, 29.933638], [-95.682544, 29.93416], [-95.67347, 29.953075], [-95.60365, 29.903516], [-95.607691, 29.903367], [-95.608917, 29.901302], [-95.614997, 29.902039], [-95.616819, 29.896132], [-95.620546, 29.896081], [-95.620726, 29.896079], [-95.620672, 29.87945], [-95.625379, 29.879428], [-95.625992, 29.876853], [-95.624407, 29.872951], [-95.628543, 29.872059], [-95.628521, 29.870703], [-95.628676, 29.878158], [-95.630231, 29.878737], [-95.632999, 29.87804], [-95.633008, 29.879185], [-95.633022, 29.879236], [-95.633023, 29.879316], [-95.634571, 29.879302], [-95.635704, 29.879291], [-95.635681, 29.878965], [-95.635581, 29.874985], [-95.635575, 29.874283], [-95.641751, 29.87417], [-95.641741, 29.871471], [-95.641732, 29.871385], [-95.641881, 29.871382], [-95.641897, 29.87407], [-95.642052, 29.87408], [-95.642989, 29.873842], [-95.64299, 29.873859], [-95.642373, 29.874016], [-95.642337, 29.87532], [-95.64075, 29.875355], [-95.640748, 29.875393], [-95.640624, 29.879019], [-95.637701, 29.879104], [-95.637495, 29.87911], [-95.637499, 29.879274], [-95.648255, 29.879173], [-95.648233, 29.87761], [-95.648219, 29.877126], [-95.659075, 29.875679], [-95.659335, 29.878166], [-95.660411, 29.877942], [-95.660671, 29.87795], [-95.66087, 29.877986], [-95.66098, 29.87809], [-95.660718, 29.878587], [-95.6607, 29.879071], [-95.668149, 29.879014]]]}}, {"type": "Feature", "properties": {"zip": "77069", "name": "Champions N / Louetta", "median_household_income": 57206.0, "median_gross_rent": 1195.0, "median_home_value": 296633.0, "total_population": 25521.0, "renter_pct": 41.2, "rent_burden_pct": 23.9, "listing_velocity": 1.04, "price_trajectory": 25.2, "rental_yield": 4.83, "investor_activity": 51.0, "dom_shift": -4.3, "displacement_risk": 57.1, "flip_rate": 12.3, "affordability_cliff": 1.37, "is_sample_data": true}, "geometry": {"type": "Polygon", "coordinates": [[[-95.538305, 29.991102], [-95.534084, 29.994427], [-95.531968, 29.994592], [-95.532675, 29.996274], [-95.528993, 29.99861], [-95.529851, 29.999897], [-95.522571, 30.002136], [-95.520051, 30.005757], [-95.51423, 30.004717], [-95.512028, 30.006695], [-95.499758, 29.989795], [-95.498788, 29.990262], [-95.498574, 29.989906], [-95.49598, 29.991221], [-95.49502, 29.989786], [-95.498393, 29.987836], [-95.497241, 29.985852], [-95.497536, 29.986232], [-95.497794, 29.986604], [-95.501621, 29.984501], [-95.501021, 29.983712], [-95.501172, 29.983657], [-95.502124, 29.984958], [-95.50251, 29.985498], [-95.50256, 29.985586], [-95.504279, 29.984306], [-95.503086, 29.982686], [-95.506782, 29.983001], [-95.508303, 29.981464], [-95.507694, 29.980629], [-95.507859, 29.980547], [-95.507497, 29.979981], [-95.509765, 29.979514], [-95.511277, 29.980757], [-95.518963, 29.97647], [-95.518934, 29.976429], [-95.517167, 29.973929], [-95.514755, 29.970587], [-95.518367, 29.968596], [-95.522624, 29.974532], [-95.526314, 29.972466], [-95.522031, 29.966546], [-95.525699, 29.964551], [-95.529914, 29.970493], [-95.5328, 29.968706], [-95.530683, 29.964438], [-95.536184, 29.962094], [-95.538381, 29.96601], [-95.535555, 29.967364], [-95.536489, 29.968724], [-95.539514, 29.968551], [-95.540762, 29.97019], [-95.553531, 29.992682], [-95.549658, 29.993043], [-95.548945, 29.989811], [-95.545819, 29.987161], [-95.538305, 29.991102]]]}}, {"type": "Feature", "properties": {"zip": "77038", "name": "Greenspoint W", "median_household_income": 70163.0, "median_gross_rent": 1017.0, "median_home_value": 320416.0, "total_population": 48424.0, "renter_pct": 44.1, "rent_burden_pct": 16.5, "listing_velocity": 1.53, "price_trajectory": 38.3, "rental_yield": 3.81, "investor_activity": 57.2, "dom_shift": -2.3, "displacement_risk": 58.2, "flip_rate": 11.8, "affordability_cliff": 1.18, "is_sample_data": true}, "geometry": {"type": "Polygon", "coordinates": [[[-95.412412, 29.927227], [-95.41297, 29.918283], [-95.414458, 29.915241], [-95.412933, 29.915054], [-95.412944, 29.914734], [-95.412941, 29.914457], [-95.412933, 29.913602], [-95.416362, 29.913497], [-95.412898, 29.911717], [-95.412733, 29.902975], [-95.415067, 29.902973], [-95.412618, 29.898146], [-95.427951, 29.897922], [-95.427977, 29.897402], [-95.4285, 29.897025], [-95.429209, 29.897919], [-95.460752, 29.897695], [-95.469864, 29.904863], [-95.468911, 29.918332], [-95.470392, 29.923628], [-95.468342, 29.924883], [-95.468298, 29.928046], [-95.470003, 29.929676], [-95.470199, 29.929675], [-95.470482, 29.929681], [-95.470684, 29.932789], [-95.47256, 29.935299], [-95.483234, 29.935216], [-95.483258, 29.937567], [-95.460133, 29.937697], [-95.462757, 29.941105], [-95.462585, 29.941151], [-95.461702, 29.941338], [-95.461355, 29.941355], [-95.457777, 29.937533], [-95.432608, 29.938981], [-95.4324, 29.938208], [-95.432339, 29.937897], [-95.432287, 29.937631], [-95.421142, 29.940062], [-95.421124, 29.939536], [-95.418052, 29.9396], [-95.417824, 29.931666], [-95.417483, 29.935166], [-95.412684, 29.935157], [-95.412412, 29.927227]]]}}, {"type": "Feature", "properties": {"zip": "77049", "name": "Sheldon / Channelview E", "median_household_income": 63631.0, "median_gross_rent": 985.0, "median_home_value": 235053.0, "total_population": 49144.0, "renter_pct": 59.7, "rent_burden_pct": 17.6, "listing_velocity": 1.16, "price_trajectory": 43.4, "rental_yield": 5.03, "investor_activity": 61.0, "dom_shift": -8.0, "displacement_risk": 64.1, "flip_rate": 6.9, "affordability_cliff": 0.99, "is_sample_data": true}, "geometry": {"type": "Polygon", "coordinates": [[[-95.174029, 29.848533], [-95.106591, 29.877592], [-95.105211, 29.8781], [-95.096621, 29.879994], [-95.095375, 29.880235], [-95.09366, 29.878184], [-95.094555, 29.874085], [-95.093962, 29.860933], [-95.089421, 29.850692], [-95.092163, 29.84668], [-95.096887, 29.845675], [-95.100985, 29.843106], [-95.106089, 29.845679], [-95.106378, 29.844174], [-95.105487, 29.842508], [-95.104262, 29.840586], [-95.103661, 29.839518], [-95.091692, 29.831195], [-95.078988, 29.829377], [-95.065926, 29.832988], [-95.062343, 29.831261], [-95.06121, 29.828367], [-95.062922, 29.825538], [-95.066295, 29.823953], [-95.075894, 29.826087], [-95.081662, 29.824805], [-95.081674, 29.823946], [-95.081666, 29.823313], [-95.081658, 29.822686], [-95.086693, 29.821997], [-95.086637, 29.817897], [-95.08971, 29.816961], [-95.08937, 29.817283], [-95.089171, 29.817768], [-95.089855, 29.817968], [-95.092005, 29.816002], [-95.096615, 29.818173], [-95.098168, 29.817505], [-95.098007, 29.819583], [-95.09943, 29.819781], [-95.111299, 29.819543], [-95.111277, 29.819268], [-95.111295, 29.818609], [-95.11145, 29.818496], [-95.112142, 29.818417], [-95.113182, 29.818401], [-95.11314, 29.816407], [-95.114417, 29.816387], [-95.115363, 29.816356], [-95.116308, 29.8163], [-95.116767, 29.819352], [-95.118279, 29.819316], [-95.120139, 29.819257], [-95.122061, 29.819199], [-95.121999, 29.816272], [-95.126513, 29.816937], [-95.125469, 29.811287], [-95.12724, 29.811293], [-95.130406, 29.805615], [-95.158302, 29.805595], [-95.156561, 29.807102], [-95.156964, 29.808114], [-95.158689, 29.809946], [-95.158922, 29.809884], [-95.16, 29.809609], [-95.161018, 29.809347], [-95.16324, 29.808751], [-95.163195, 29.801705], [-95.163742, 29.805867], [-95.16376, 29.805078], [-95.163759, 29.804975], [-95.166121, 29.804994], [-95.166432, 29.807975], [-95.179215, 29.806199], [-95.182199, 29.802396], [-95.180798, 29.806175], [-95.18308, 29.806146], [-95.183775, 29.804762], [-95.184505, 29.805577], [-95.184516, 29.806045], [-95.187353, 29.804941], [-95.200777, 29.805935], [-95.200745, 29.804122], [-95.200067, 29.804113], [-95.200018, 29.803401], [-95.201777, 29.802675], [-95.20215, 29.806117], [-95.208182, 29.806795], [-95.218911, 29.802611], [-95.21262, 29.809883], [-95.21305, 29.810896], [-95.2187, 29.808651], [-95.224615, 29.812178], [-95.225384, 29.814413], [-95.2264, 29.813412], [-95.230662, 29.813481], [-95.23084, 29.813842], [-95.23096, 29.814765], [-95.230879, 29.814967], [-95.228549, 29.816313], [-95.230838, 29.817517], [-95.228386, 29.821708], [-95.229925, 29.82456], [-95.174029, 29.848533]]]}}, {"type": "Feature", "properties": {"zip": "77087", "name": "OST / South Union / Pecan Park", "median_household_income": 38370.0, "median_gross_rent": 881.0, "median_home_value": 155086.0, "total_population": 34853.0, "renter_pct": 52.0, "rent_burden_pct": 28.4, "listing_velocity": 1.27, "price_trajectory": 32.2, "rental_yield": 6.82, "investor_activity": 74.1, "dom_shift": -5.2, "displacement_risk": 64.8, "flip_rate": 12.2, "affordability_cliff": 1.05, "is_sample_data": true}, "geometry": {"type": "Polygon", "coordinates": [[[-95.322221, 29.698248], [-95.290279, 29.716811], [-95.289725, 29.704871], [-95.291202, 29.700668], [-95.290556, 29.700393], [-95.290217, 29.700306], [-95.289901, 29.700252], [-95.291183, 29.699387], [-95.272673, 29.680346], [-95.273877, 29.678529], [-95.279888, 29.679376], [-95.283437, 29.677205], [-95.28812, 29.677591], [-95.287745, 29.674542], [-95.28908, 29.673937], [-95.289023, 29.67172], [-95.290131, 29.673485], [-95.29122, 29.671256], [-95.292647, 29.672985], [-95.296803, 29.671861], [-95.294984, 29.67011], [-95.295102, 29.669586], [-95.29522, 29.669321], [-95.295524, 29.66903], [-95.306863, 29.661125], [-95.308406, 29.658123], [-95.311177, 29.657573], [-95.31275, 29.655077], [-95.314894, 29.654952], [-95.326944, 29.695307], [-95.322221, 29.698248]]]}}, {"type": "Feature", "properties": {"zip": "77039", "name": "Aldine / Eastex", "median_household_income": 71022.0, "median_gross_rent": 1296.0, "median_home_value": 139660.0, "total_population": 23084.0, "renter_pct": 48.3, "rent_burden_pct": 22.2, "listing_velocity": 1.34, "price_trajectory": 31.8, "rental_yield": 11.14, "investor_activity": 46.1, "dom_shift": -8.7, "displacement_risk": 56.7, "flip_rate": 12.9, "affordability_cliff": 0.52, "is_sample_data": true}, "geometry": {"type": "Polygon", "coordinates": [[[-95.372573, 29.902211], [-95.381271, 29.932506], [-95.377115, 29.933199], [-95.376803, 29.931955], [-95.37623, 29.932035], [-95.376098, 29.932038], [-95.376414, 29.933297], [-95.374216, 29.933383], [-95.374199, 29.932684], [-95.374136, 29.932689], [-95.372098, 29.932684], [-95.372101, 29.931333], [-95.371607, 29.931324], [-95.367103, 29.931346], [-95.363813, 29.931376], [-95.363846, 29.932283], [-95.353914, 29.931401], [-95.353899, 29.930338], [-95.351226, 29.929469], [-95.350107, 29.930719], [-95.347103, 29.930361], [-95.345541, 29.923963], [-95.341444, 29.920758], [-95.336566, 29.921408], [-95.326706, 29.919274], [-95.309464, 29.918449], [-95.298464, 29.919656], [-95.295601, 29.918636], [-95.30659, 29.891185], [-95.32958, 29.890929], [-95.329621, 29.894151], [-95.329747, 29.894163], [-95.331083, 29.89415], [-95.331039, 29.890886], [-95.332902, 29.890559], [-95.333071, 29.890563], [-95.333307, 29.888245], [-95.344374, 29.888193], [-95.344558, 29.889914], [-95.347025, 29.890732], [-95.348231, 29.893135], [-95.350787, 29.894426], [-95.35704, 29.89477], [-95.365702, 29.891298], [-95.370123, 29.892615], [-95.372573, 29.902211]]]}}, {"type": "Feature", "properties": {"zip": "77091", "name": "Acres Homes W / Candlelight", "median_household_income": 42662.0, "median_gross_rent": 968.0, "median_home_value": 176285.0, "total_population": 27619.0, "renter_pct": 48.0, "rent_burden_pct": 27.1, "listing_velocity": 1.57, "price_trajectory": 38.2, "rental_yield": 6.59, "investor_activity": 59.9, "dom_shift": -5.9, "displacement_risk": 72.0, "flip_rate": 9.7, "affordability_cliff": 1.05, "is_sample_data": true}, "geometry": {"type": "Polygon", "coordinates": [[[-95.46102, 29.841667], [-95.473196, 29.8416], [-95.475088, 29.840551], [-95.475265, 29.841189], [-95.475291, 29.842891], [-95.474743, 29.84289], [-95.473218, 29.842927], [-95.473231, 29.84667], [-95.475275, 29.846851], [-95.475975, 29.851102], [-95.478857, 29.852092], [-95.47891, 29.857132], [-95.487134, 29.866543], [-95.48505, 29.868202], [-95.483842, 29.865757], [-95.481873, 29.86576], [-95.481616, 29.865763], [-95.483294, 29.868718], [-95.48332, 29.868762], [-95.480411, 29.868839], [-95.480421, 29.86798], [-95.480406, 29.866907], [-95.480376, 29.865658], [-95.478388, 29.863406], [-95.475132, 29.863287], [-95.475148, 29.86491], [-95.471745, 29.86463], [-95.469526, 29.862396], [-95.466845, 29.861896], [-95.466828, 29.863322], [-95.466268, 29.863347], [-95.464573, 29.863383], [-95.464581, 29.869803], [-95.463828, 29.870044], [-95.462411, 29.870498], [-95.46307, 29.865581], [-95.462204, 29.865599], [-95.459806, 29.865639], [-95.459674, 29.865664], [-95.459002, 29.867016], [-95.458834, 29.863452], [-95.449092, 29.863144], [-95.449085, 29.863865], [-95.449087, 29.864364], [-95.447828, 29.864369], [-95.446404, 29.864384], [-95.446403, 29.863478], [-95.42817, 29.863589], [-95.421828, 29.865868], [-95.422111, 29.867264], [-95.41941, 29.867302], [-95.419573, 29.867662], [-95.42015, 29.868885], [-95.420667, 29.870053], [-95.414841, 29.869593], [-95.414819, 29.868823], [-95.414807, 29.868417], [-95.412432, 29.869293], [-95.41245, 29.870291], [-95.412441, 29.870467], [-95.409672, 29.869857], [-95.40905, 29.871558], [-95.407379, 29.868332], [-95.409628, 29.86744], [-95.409576, 29.864196], [-95.409463, 29.864205], [-95.406483, 29.864221], [-95.405297, 29.864254], [-95.402578, 29.859395], [-95.403042, 29.854639], [-95.403958, 29.8545], [-95.406348, 29.854332], [-95.406384, 29.853669], [-95.403025, 29.853076], [-95.403025, 29.851267], [-95.409354, 29.852428], [-95.409333, 29.851012], [-95.409294, 29.849123], [-95.409281, 29.847554], [-95.403011, 29.847199], [-95.402958, 29.840033], [-95.40559, 29.839022], [-95.405611, 29.840183], [-95.405617, 29.840223], [-95.405632, 29.840257], [-95.405663, 29.840279], [-95.405708, 29.840289], [-95.406909, 29.840281], [-95.406875, 29.838926], [-95.409939, 29.838843], [-95.410848, 29.838818], [-95.410962, 29.844113], [-95.411248, 29.844109], [-95.416306, 29.844045], [-95.416493, 29.844037], [-95.416417, 29.841068], [-95.428265, 29.840954], [-95.428843, 29.841043], [-95.428854, 29.841985], [-95.428838, 29.842455], [-95.441865, 29.842415], [-95.441855, 29.841096], [-95.46102, 29.841667]]]}}, {"type": "Feature", "properties": {"zip": "77098", "name": "Upper Kirby / Montrose S", "median_household_income": 98519.0, "median_gross_rent": 1741.0, "median_home_value": 505521.0, "total_population": 20334.0, "renter_pct": 62.0, "rent_burden_pct": 21.5, "listing_velocity": 1.0, "price_trajectory": 26.3, "rental_yield": 4.13, "investor_activity": 38.4, "dom_shift": -2.1, "displacement_risk": 47.9, "flip_rate": 11.9, "affordability_cliff": 1.13, "is_sample_data": true}, "geometry": {"type": "Polygon", "coordinates": [[[-95.412314, 29.742555], [-95.402888, 29.742767], [-95.402895, 29.743757], [-95.402086, 29.743765], [-95.401949, 29.734863], [-95.403341, 29.734308], [-95.402115, 29.732892], [-95.402073, 29.72665], [-95.418589, 29.72583], [-95.418602, 29.726358], [-95.418602, 29.727201], [-95.418606, 29.72765], [-95.420633, 29.727647], [-95.420643, 29.728637], [-95.427966, 29.728586], [-95.430231, 29.733783], [-95.429265, 29.733866], [-95.430029, 29.742068], [-95.426506, 29.742121], [-95.426498, 29.743296], [-95.419911, 29.742258], [-95.418954, 29.743732], [-95.418799, 29.743726], [-95.418784, 29.74328], [-95.418778, 29.742319], [-95.417575, 29.74238], [-95.417598, 29.743284], [-95.412314, 29.742555]]]}}, {"type": "Feature", "properties": {"zip": "77037", "name": "Acres Homes N", "median_household_income": 55397.0, "median_gross_rent": 868.0, "median_home_value": 318633.0, "total_population": 29926.0, "renter_pct": 36.4, "rent_burden_pct": 18.9, "listing_velocity": 1.07, "price_trajectory": 28.2, "rental_yield": 3.27, "investor_activity": 69.3, "dom_shift": -4.8, "displacement_risk": 60.3, "flip_rate": 12.0, "affordability_cliff": 1.45, "is_sample_data": true}, "geometry": {"type": "MultiPolygon", "coordinates": [[[[-95.409501, 29.927572], [-95.411427, 29.927654], [-95.411222, 29.931771], [-95.40622, 29.931741], [-95.407122, 29.926829], [-95.406891, 29.926822], [-95.405658, 29.926844], [-95.405658, 29.926619], [-95.409128, 29.92656], [-95.409501, 29.927572]]], [[[-95.408809, 29.921999], [-95.408761, 29.921819], [-95.408194, 29.921972], [-95.407554, 29.922153], [-95.406749, 29.919928], [-95.404516, 29.919962], [-95.403707, 29.91684], [-95.405133, 29.915411], [-95.404551, 29.913873], [-95.40311, 29.913906], [-95.4029, 29.913862], [-95.402621, 29.912537], [-95.404064, 29.912517], [-95.400655, 29.903058], [-95.372406, 29.902213], [-95.366384, 29.873534], [-95.367371, 29.877407], [-95.370223, 29.877364], [-95.372915, 29.877319], [-95.372958, 29.877318], [-95.373027, 29.875661], [-95.386514, 29.875603], [-95.384913, 29.87005], [-95.400628, 29.869875], [-95.400664, 29.872428], [-95.401605, 29.872422], [-95.401445, 29.869867], [-95.408133, 29.869872], [-95.409698, 29.871413], [-95.413728, 29.877895], [-95.412273, 29.877912], [-95.412324, 29.893933], [-95.412633, 29.898947], [-95.415067, 29.902973], [-95.412733, 29.902975], [-95.412898, 29.911717], [-95.416362, 29.913497], [-95.412933, 29.913602], [-95.412941, 29.914457], [-95.412944, 29.914734], [-95.412933, 29.915054], [-95.414458, 29.915241], [-95.41297, 29.918283], [-95.412403, 29.931814], [-95.412312, 29.924676], [-95.409429, 29.924712], [-95.408809, 29.921999]]]]}}, {"type": "Feature", "properties": {"zip": "77062", "name": "Clear Lake N / El Lago", "median_household_income": 53459.0, "median_gross_rent": 1447.0, "median_home_value": 126387.0, "total_population": 26616.0, "renter_pct": 42.1, "rent_burden_pct": 31.7, "listing_velocity": 1.59, "price_trajectory": 37.0, "rental_yield": 13.74, "investor_activity": 57.1, "dom_shift": -5.2, "displacement_risk": 67.3, "flip_rate": 12.3, "affordability_cliff": 0.58, "is_sample_data": true}, "geometry": {"type": "Polygon", "coordinates": [[[-95.158328, 29.582421], [-95.148136, 29.588206], [-95.146184, 29.592566], [-95.135411, 29.595813], [-95.129216, 29.594113], [-95.125934, 29.58838], [-95.121751, 29.585006], [-95.116807, 29.584074], [-95.11327, 29.585362], [-95.106556, 29.585203], [-95.10361, 29.583483], [-95.103665, 29.583381], [-95.10563, 29.579735], [-95.107186, 29.580368], [-95.107867, 29.580654], [-95.110039, 29.576588], [-95.111837, 29.573279], [-95.113799, 29.574085], [-95.11447, 29.572838], [-95.114529, 29.572695], [-95.114526, 29.572589], [-95.114375, 29.572497], [-95.110412, 29.570861], [-95.114355, 29.563543], [-95.11512, 29.563862], [-95.115614, 29.564062], [-95.116977, 29.561525], [-95.11723, 29.561086], [-95.118664, 29.558384], [-95.117399, 29.557891], [-95.11762, 29.557488], [-95.117806, 29.557188], [-95.117906, 29.557041], [-95.126207, 29.550824], [-95.126509, 29.551174], [-95.127026, 29.551734], [-95.128593, 29.548957], [-95.159308, 29.581813], [-95.159089, 29.581978], [-95.158978, 29.582061], [-95.158328, 29.582421]]]}}, {"type": "Feature", "properties": {"zip": "77079", "name": "Memorial / Bunker Hill", "median_household_income": 71357.0, "median_gross_rent": 1133.0, "median_home_value": 348485.0, "total_population": 39488.0, "renter_pct": 45.8, "rent_burden_pct": 19.5, "listing_velocity": 1.86, "price_trajectory": 30.7, "rental_yield": 3.9, "investor_activity": 60.3, "dom_shift": -5.4, "displacement_risk": 60.2, "flip_rate": 9.4, "affordability_cliff": 1.25, "is_sample_data": true}, "geometry": {"type": "Polygon", "coordinates": [[[-95.62693, 29.773737], [-95.632634, 29.773837], [-95.63433, 29.77078], [-95.634905, 29.770505], [-95.639686, 29.769052], [-95.646552, 29.769702], [-95.647334, 29.781013], [-95.649524, 29.782112], [-95.649953, 29.78213], [-95.657271, 29.782146], [-95.660288, 29.782162], [-95.660274, 29.782421], [-95.660275, 29.782697], [-95.660278, 29.784478], [-95.654935, 29.784452], [-95.654798, 29.78298], [-95.644762, 29.782586], [-95.644785, 29.785263], [-95.646659, 29.785289], [-95.648547, 29.785289], [-95.651106, 29.785309], [-95.651108, 29.785418], [-95.651162, 29.78914], [-95.648358, 29.788939], [-95.645122, 29.786652], [-95.642275, 29.786995], [-95.641395, 29.788591], [-95.638903, 29.7883], [-95.638895, 29.787838], [-95.637771, 29.787825], [-95.637483, 29.787284], [-95.637534, 29.784916], [-95.62377, 29.784765], [-95.623774, 29.79066], [-95.595137, 29.79052], [-95.595434, 29.788451], [-95.599301, 29.788488], [-95.599345, 29.785231], [-95.598547, 29.785224], [-95.596486, 29.78523], [-95.596491, 29.785368], [-95.59661, 29.785995], [-95.596612, 29.787156], [-95.595509, 29.787484], [-95.594725, 29.785224], [-95.589955, 29.786179], [-95.590281, 29.784543], [-95.56517, 29.784433], [-95.563147, 29.782711], [-95.562876, 29.772774], [-95.570754, 29.772645], [-95.569464, 29.768983], [-95.568595, 29.769379], [-95.567709, 29.769779], [-95.567641, 29.76978], [-95.565829, 29.76702], [-95.566056, 29.76206], [-95.570096, 29.762206], [-95.578641, 29.767017], [-95.58548, 29.765335], [-95.590077, 29.75964], [-95.594477, 29.759238], [-95.602436, 29.761908], [-95.612099, 29.760578], [-95.618729, 29.763963], [-95.618898, 29.769961], [-95.62693, 29.773737]]]}}, {"type": "Feature", "properties": {"zip": "77071", "name": "Westwood / Fondren SW", "median_household_income": 56780.0, "median_gross_rent": 1271.0, "median_home_value": 339186.0, "total_population": 19005.0, "renter_pct": 48.8, "rent_burden_pct": 28.0, "listing_velocity": 1.12, "price_trajectory": 41.5, "rental_yield": 4.5, "investor_activity": 43.7, "dom_shift": -8.0, "displacement_risk": 66.3, "flip_rate": 14.3, "affordability_cliff": 1.49, "is_sample_data": true}, "geometry": {"type": "Polygon", "coordinates": [[[-95.509728, 29.656005], [-95.508413, 29.655274], [-95.508293, 29.644233], [-95.50949, 29.644228], [-95.50996, 29.644217], [-95.509938, 29.642903], [-95.509936, 29.642414], [-95.512468, 29.641727], [-95.508284, 29.641794], [-95.507579, 29.630975], [-95.518385, 29.626588], [-95.536895, 29.642253], [-95.536015, 29.643234], [-95.536266, 29.656298], [-95.53193, 29.656266], [-95.531951, 29.653834], [-95.529715, 29.653833], [-95.52892, 29.653833], [-95.527996, 29.653833], [-95.529246, 29.655494], [-95.529207, 29.6557], [-95.528024, 29.655684], [-95.528061, 29.662832], [-95.528884, 29.664194], [-95.529699, 29.662839], [-95.531605, 29.663161], [-95.529831, 29.66324], [-95.531455, 29.665428], [-95.528819, 29.664956], [-95.528108, 29.666302], [-95.528156, 29.66841], [-95.52922, 29.6687], [-95.528159, 29.669684], [-95.532308, 29.67029], [-95.532221, 29.67095], [-95.5322, 29.67102], [-95.532132, 29.671193], [-95.52903, 29.670468], [-95.528173, 29.671332], [-95.528196, 29.67272], [-95.530258, 29.673821], [-95.530423, 29.674262], [-95.530484, 29.674865], [-95.530519, 29.676419], [-95.518451, 29.681882], [-95.517631, 29.677904], [-95.514638, 29.676734], [-95.516959, 29.673875], [-95.508641, 29.676172], [-95.509512, 29.674488], [-95.508567, 29.67186], [-95.508468, 29.660611], [-95.509095, 29.660599], [-95.509346, 29.660597], [-95.508443, 29.659189], [-95.509778, 29.659181], [-95.509728, 29.656005]]]}}, {"type": "Feature", "properties": {"zip": "77011", "name": "Magnolia Park / Harrisburg", "median_household_income": 39058.0, "median_gross_rent": 902.0, "median_home_value": 152009.0, "total_population": 24736.0, "renter_pct": 55.0, "rent_burden_pct": 28.4, "listing_velocity": 1.58, "price_trajectory": 46.0, "rental_yield": 7.12, "investor_activity": 61.3, "dom_shift": -9.0, "displacement_risk": 61.3, "flip_rate": 12.9, "affordability_cliff": 1.11, "is_sample_data": true}, "geometry": {"type": "Polygon", "coordinates": [[[-95.320046, 29.756118], [-95.315742, 29.754747], [-95.313011, 29.755536], [-95.30826, 29.754609], [-95.304803, 29.755816], [-95.300838, 29.752727], [-95.297418, 29.75423], [-95.294833, 29.751148], [-95.296277, 29.74774], [-95.295763, 29.747402], [-95.293669, 29.74722], [-95.287913, 29.750028], [-95.282016, 29.741549], [-95.2881, 29.74316], [-95.292103, 29.731016], [-95.294899, 29.727945], [-95.297953, 29.727585], [-95.302749, 29.730082], [-95.305452, 29.726898], [-95.305029, 29.722377], [-95.311252, 29.724751], [-95.30777, 29.733123], [-95.317638, 29.733508], [-95.314247, 29.737263], [-95.333109, 29.743215], [-95.330203, 29.747703], [-95.330124, 29.751412], [-95.326427, 29.753769], [-95.32937, 29.754689], [-95.329224, 29.754894], [-95.328862, 29.755349], [-95.32841, 29.755943], [-95.330206, 29.756997], [-95.330884, 29.757396], [-95.328867, 29.759838], [-95.325488, 29.759827], [-95.320046, 29.756118]]]}}, {"type": "Feature", "properties": {"zip": "77012", "name": "Gulfgate / Park Place", "median_household_income": 41941.0, "median_gross_rent": 909.0, "median_home_value": 179560.0, "total_population": 30478.0, "renter_pct": 50.0, "rent_burden_pct": 27.1, "listing_velocity": 1.72, "price_trajectory": 34.9, "rental_yield": 6.07, "investor_activity": 81.9, "dom_shift": -6.0, "displacement_risk": 69.5, "flip_rate": 12.9, "affordability_cliff": 1.15, "is_sample_data": true}, "geometry": {"type": "Polygon", "coordinates": [[[-95.28631, 29.722354], [-95.290126, 29.72349], [-95.291272, 29.72584], [-95.294899, 29.727945], [-95.292103, 29.731016], [-95.2881, 29.74316], [-95.282016, 29.741549], [-95.280413, 29.739528], [-95.278513, 29.736228], [-95.275773, 29.727561], [-95.270313, 29.724428], [-95.255789, 29.72681], [-95.247923, 29.72064], [-95.24295, 29.718561], [-95.248765, 29.712942], [-95.254986, 29.713122], [-95.256898, 29.707815], [-95.267177, 29.709909], [-95.271259, 29.708992], [-95.280194, 29.700985], [-95.288732, 29.697449], [-95.291183, 29.699387], [-95.289901, 29.700252], [-95.290217, 29.700306], [-95.290556, 29.700393], [-95.291202, 29.700668], [-95.289725, 29.704871], [-95.290279, 29.716811], [-95.285125, 29.719675], [-95.286909, 29.721103], [-95.286705, 29.721527], [-95.28631, 29.722354]]]}}, {"type": "Feature", "properties": {"zip": "77002", "name": "Downtown", "median_household_income": 69137.0, "median_gross_rent": 1536.0, "median_home_value": 381723.0, "total_population": 15081.0, "renter_pct": 75.0, "rent_burden_pct": 25.0, "listing_velocity": 1.28, "price_trajectory": 26.3, "rental_yield": 4.83, "investor_activity": 57.8, "dom_shift": -8.6, "displacement_risk": 50.0, "flip_rate": 8.6, "affordability_cliff": 1.26, "is_sample_data": true}, "geometry": {"type": "MultiPolygon", "coordinates": [[[[-95.388083, 29.729348], [-95.385616, 29.731629], [-95.38516, 29.731385], [-95.385503, 29.730957], [-95.384624, 29.730441], [-95.386503, 29.729674], [-95.385653, 29.729155], [-95.386091, 29.728585], [-95.38657, 29.727988], [-95.388405, 29.728201], [-95.388083, 29.729348]]], [[[-95.348685, 29.757261], [-95.352205, 29.753761], [-95.352318, 29.753816], [-95.352394, 29.753863], [-95.353071, 29.75428], [-95.351878, 29.755803], [-95.352716, 29.756307], [-95.352847, 29.756386], [-95.353025, 29.756493], [-95.354229, 29.754977], [-95.355967, 29.756013], [-95.35916, 29.7546], [-95.361144, 29.756885], [-95.361744, 29.756126], [-95.362598, 29.75665], [-95.363458, 29.757155], [-95.363492, 29.753891], [-95.362645, 29.753381], [-95.361778, 29.752873], [-95.36126, 29.75033], [-95.3639, 29.748618], [-95.363053, 29.748099], [-95.366262, 29.745624], [-95.36542, 29.745118], [-95.365992, 29.744368], [-95.36685, 29.744887], [-95.367436, 29.744123], [-95.368902, 29.742277], [-95.369769, 29.742801], [-95.368297, 29.744654], [-95.369159, 29.745184], [-95.36937, 29.745306], [-95.370011, 29.745696], [-95.370032, 29.745658], [-95.370736, 29.74477], [-95.371483, 29.743832], [-95.373762, 29.744143], [-95.377177, 29.739839], [-95.378054, 29.740365], [-95.378529, 29.739761], [-95.377651, 29.739247], [-95.378231, 29.738531], [-95.379094, 29.73905], [-95.379548, 29.738478], [-95.379979, 29.737953], [-95.37911, 29.737412], [-95.382679, 29.73452], [-95.383095, 29.732353], [-95.388653, 29.732184], [-95.382498, 29.738007], [-95.381934, 29.742449], [-95.378928, 29.740886], [-95.372607, 29.747258], [-95.378366, 29.750736], [-95.378753, 29.752093], [-95.37866, 29.753917], [-95.376835, 29.753116], [-95.375233, 29.753431], [-95.375033, 29.753673], [-95.37493, 29.753953], [-95.374951, 29.755113], [-95.374749, 29.754637], [-95.374668, 29.754447], [-95.37455, 29.754266], [-95.373336, 29.760907], [-95.370075, 29.763257], [-95.372344, 29.768789], [-95.365927, 29.767921], [-95.366072, 29.764348], [-95.360556, 29.765161], [-95.360846, 29.76715], [-95.359113, 29.767076], [-95.364999, 29.770499], [-95.366292, 29.774216], [-95.365082, 29.772421], [-95.357302, 29.770741], [-95.352129, 29.772125], [-95.352081, 29.76999], [-95.356009, 29.768104], [-95.352081, 29.769771], [-95.352035, 29.76574], [-95.350624, 29.765159], [-95.347678, 29.766512], [-95.349658, 29.763946], [-95.350703, 29.759095], [-95.349809, 29.760026], [-95.34877, 29.759284], [-95.34916, 29.758356], [-95.349197, 29.757751], [-95.346103, 29.757694], [-95.346749, 29.756855], [-95.347149, 29.756343], [-95.348549, 29.75718], [-95.348685, 29.757261]], [[-95.372277, 29.746044], [-95.370874, 29.74622], [-95.371729, 29.74673], [-95.372277, 29.746044]]]]}}, {"type": "Feature", "properties": {"zip": "77016", "name": "Kashmere Gardens / Trinity", "median_household_income": 31676.0, "median_gross_rent": 864.0, "median_home_value": 118481.0, "total_population": 28671.0, "renter_pct": 50.0, "rent_burden_pct": 31.9, "listing_velocity": 1.78, "price_trajectory": 35.1, "rental_yield": 8.75, "investor_activity": 57.0, "dom_shift": -11.9, "displacement_risk": 75.4, "flip_rate": 15.9, "affordability_cliff": 0.81, "is_sample_data": true}, "geometry": {"type": "Polygon", "coordinates": [[[-95.304559, 29.89065], [-95.287796, 29.891419], [-95.287721, 29.887408], [-95.28772, 29.88736], [-95.280268, 29.887428], [-95.280261, 29.887549], [-95.280258, 29.891508], [-95.272259, 29.891606], [-95.272206, 29.887524], [-95.257364, 29.887744], [-95.257285, 29.882542], [-95.268476, 29.871799], [-95.281348, 29.871591], [-95.281304, 29.859264], [-95.316647, 29.824849], [-95.323778, 29.820839], [-95.335349, 29.819891], [-95.30659, 29.891185], [-95.304559, 29.89065]]]}}, {"type": "Feature", "properties": {"zip": "77022", "name": "Lindale Park / Moody Park", "median_household_income": 36010.0, "median_gross_rent": 900.0, "median_home_value": 140032.0, "total_population": 20552.0, "renter_pct": 58.0, "rent_burden_pct": 29.0, "listing_velocity": 1.25, "price_trajectory": 37.9, "rental_yield": 7.71, "investor_activity": 54.3, "dom_shift": -11.5, "displacement_risk": 66.5, "flip_rate": 15.9, "affordability_cliff": 0.84, "is_sample_data": true}, "geometry": {"type": "Polygon", "coordinates": [[[-95.396237, 29.823494], [-95.397004, 29.82698], [-95.399546, 29.826933], [-95.399214, 29.830534], [-95.400421, 29.830521], [-95.401059, 29.830502], [-95.401243, 29.830497], [-95.402662, 29.832923], [-95.402807, 29.839304], [-95.398151, 29.839362], [-95.398904, 29.841873], [-95.40297, 29.841162], [-95.402896, 29.847201], [-95.397672, 29.847253], [-95.397642, 29.847229], [-95.397641, 29.845413], [-95.370178, 29.845864], [-95.366811, 29.847844], [-95.362257, 29.847893], [-95.362335, 29.851876], [-95.360996, 29.851911], [-95.360334, 29.851757], [-95.355115, 29.830238], [-95.35594, 29.820617], [-95.355586, 29.819696], [-95.355326, 29.819702], [-95.354672, 29.819719], [-95.352373, 29.819732], [-95.351691, 29.812858], [-95.356232, 29.813875], [-95.391618, 29.813876], [-95.394846, 29.822844], [-95.394955, 29.822858], [-95.396203, 29.822829], [-95.396237, 29.823494]]]}}, {"type": "Feature", "properties": {"zip": "77006", "name": "Montrose", "median_household_income": 82204.0, "median_gross_rent": 1636.0, "median_home_value": 463843.0, "total_population": 27797.0, "renter_pct": 65.0, "rent_burden_pct": 22.6, "listing_velocity": 0.89, "price_trajectory": 21.1, "rental_yield": 4.23, "investor_activity": 42.0, "dom_shift": -3.4, "displacement_risk": 46.2, "flip_rate": 8.0, "affordability_cliff": 1.47, "is_sample_data": true}, "geometry": {"type": "Polygon", "coordinates": [[[-95.402073, 29.72665], [-95.402115, 29.732892], [-95.403341, 29.734308], [-95.401949, 29.734863], [-95.402085, 29.744755], [-95.402917, 29.744744], [-95.402206, 29.752427], [-95.401366, 29.750794], [-95.398017, 29.753229], [-95.378932, 29.752128], [-95.372607, 29.747258], [-95.378928, 29.740886], [-95.381934, 29.742449], [-95.382498, 29.738007], [-95.388653, 29.732184], [-95.384497, 29.732216], [-95.387488, 29.73094], [-95.388633, 29.72699], [-95.395251, 29.725763], [-95.402075, 29.725687], [-95.402073, 29.72665]]]}}, {"type": "Feature", "properties": {"zip": "77092", "name": "Garden Oaks W / Mangum", "median_household_income": 46482.0, "median_gross_rent": 1322.0, "median_home_value": 293209.0, "total_population": 24116.0, "renter_pct": 53.0, "rent_burden_pct": 37.3, "listing_velocity": 1.92, "price_trajectory": 50.5, "rental_yield": 5.41, "investor_activity": 66.7, "dom_shift": -7.1, "displacement_risk": 81.4, "flip_rate": 14.6, "affordability_cliff": 1.39, "is_sample_data": true}, "geometry": {"type": "Polygon", "coordinates": [[[-95.492893, 29.84133], [-95.505643, 29.848574], [-95.495688, 29.843819], [-95.494849, 29.847378], [-95.499195, 29.849136], [-95.5001, 29.855004], [-95.496566, 29.855132], [-95.496288, 29.856802], [-95.49122, 29.855628], [-95.491107, 29.860555], [-95.490988, 29.865716], [-95.486772, 29.865752], [-95.47891, 29.857132], [-95.478857, 29.852092], [-95.475975, 29.851102], [-95.475275, 29.846851], [-95.473231, 29.84667], [-95.473218, 29.842927], [-95.474743, 29.84289], [-95.475291, 29.842891], [-95.475265, 29.841189], [-95.475088, 29.840551], [-95.473196, 29.8416], [-95.458616, 29.841021], [-95.453159, 29.834433], [-95.453447, 29.831624], [-95.45631, 29.829968], [-95.456088, 29.824833], [-95.451409, 29.821112], [-95.450406, 29.818606], [-95.445599, 29.817928], [-95.445232, 29.811547], [-95.442782, 29.81121], [-95.440882, 29.808874], [-95.448013, 29.803443], [-95.450525, 29.794468], [-95.506297, 29.834805], [-95.506341, 29.839242], [-95.501891, 29.839279], [-95.50124, 29.835235], [-95.498764, 29.8355], [-95.49482, 29.836186], [-95.494846, 29.837713], [-95.4949, 29.840972], [-95.492893, 29.84133]]]}}, {"type": "Feature", "properties": {"zip": "77036", "name": "Sharpstown / Chinatown", "median_household_income": 44739.0, "median_gross_rent": 971.0, "median_home_value": 189490.0, "total_population": 56323.0, "renter_pct": 60.0, "rent_burden_pct": 26.7, "listing_velocity": 1.66, "price_trajectory": 38.7, "rental_yield": 6.15, "investor_activity": 78.8, "dom_shift": -5.2, "displacement_risk": 78.0, "flip_rate": 12.2, "affordability_cliff": 1.15, "is_sample_data": true}, "geometry": {"type": "Polygon", "coordinates": [[[-95.556634, 29.667692], [-95.557848, 29.66767], [-95.558943, 29.667661], [-95.559677, 29.667637], [-95.558727, 29.671938], [-95.559658, 29.67192], [-95.559677, 29.671836], [-95.559908, 29.671848], [-95.560281, 29.674398], [-95.554573, 29.675606], [-95.554983, 29.676746], [-95.557823, 29.676396], [-95.557287, 29.680105], [-95.557339, 29.680275], [-95.558775, 29.680734], [-95.557447, 29.681189], [-95.558356, 29.68281], [-95.556757, 29.683694], [-95.558012, 29.684649], [-95.551584, 29.686617], [-95.5538, 29.689251], [-95.557475, 29.689424], [-95.55752, 29.718078], [-95.491836, 29.72343], [-95.494986, 29.720657], [-95.49691, 29.721018], [-95.49599, 29.720261], [-95.496817, 29.719267], [-95.498589, 29.719574], [-95.500549, 29.716139], [-95.499288, 29.716841], [-95.499359, 29.716778], [-95.501487, 29.71489], [-95.502814, 29.71396], [-95.503917, 29.71492], [-95.505127, 29.713801], [-95.504056, 29.712847], [-95.506581, 29.71059], [-95.507328, 29.711214], [-95.507596, 29.711448], [-95.508501, 29.712238], [-95.509268, 29.710771], [-95.508698, 29.710378], [-95.508166, 29.709969], [-95.507741, 29.709587], [-95.527167, 29.692102], [-95.532716, 29.692227], [-95.532049, 29.688812], [-95.531591, 29.688541], [-95.530976, 29.688185], [-95.530753, 29.688059], [-95.530841, 29.687947], [-95.531968, 29.686513], [-95.53305, 29.68552], [-95.535194, 29.68693], [-95.53643, 29.685106], [-95.535228, 29.682721], [-95.539129, 29.678711], [-95.538835, 29.679143], [-95.538588, 29.679538], [-95.542529, 29.678034], [-95.542178, 29.675871], [-95.542565, 29.675511], [-95.543619, 29.674529], [-95.545609, 29.672703], [-95.544948, 29.673494], [-95.54379, 29.674664], [-95.546036, 29.674539], [-95.545976, 29.672651], [-95.547133, 29.671573], [-95.547764, 29.670988], [-95.548488, 29.672792], [-95.548124, 29.670661], [-95.553336, 29.670617], [-95.553356, 29.669507], [-95.553368, 29.668995], [-95.55337, 29.668052], [-95.551399, 29.667637], [-95.557502, 29.661646], [-95.554906, 29.66452], [-95.55642, 29.664595], [-95.556634, 29.667692]], [[-95.516238, 29.704868], [-95.51499, 29.703173], [-95.514419, 29.70366], [-95.513693, 29.704313], [-95.513482, 29.704503], [-95.516238, 29.704868]], [[-95.558716, 29.67317], [-95.559714, 29.672021], [-95.55909, 29.672053], [-95.557386, 29.672113], [-95.558716, 29.67317]], [[-95.553857, 29.714595], [-95.553876, 29.715023], [-95.553881, 29.715273], [-95.553895, 29.715932], [-95.55532, 29.71594], [-95.556606, 29.715891], [-95.556706, 29.714666], [-95.556641, 29.714667], [-95.556262, 29.714673], [-95.553857, 29.714595]]]}}, {"type": "Feature", "properties": {"zip": "77021", "name": "Riverside Terrace / Sunnyside N", "median_household_income": 39737.0, "median_gross_rent": 965.0, "median_home_value": 165920.0, "total_population": 27353.0, "renter_pct": 55.0, "rent_burden_pct": 29.1, "listing_velocity": 1.21, "price_trajectory": 37.2, "rental_yield": 6.98, "investor_activity": 69.2, "dom_shift": -11.7, "displacement_risk": 60.6, "flip_rate": 11.5, "affordability_cliff": 1.16, "is_sample_data": true}, "geometry": {"type": "Polygon", "coordinates": [[[-95.339025, 29.714093], [-95.338199, 29.714899], [-95.334116, 29.713218], [-95.332917, 29.714372], [-95.326664, 29.695466], [-95.340881, 29.687489], [-95.340941, 29.685707], [-95.351576, 29.682697], [-95.355508, 29.682889], [-95.358195, 29.682061], [-95.358148, 29.681633], [-95.35842, 29.680882], [-95.36022, 29.681479], [-95.359353, 29.681727], [-95.359384, 29.681907], [-95.366846, 29.680477], [-95.381783, 29.675222], [-95.38066, 29.684643], [-95.374764, 29.701007], [-95.385374, 29.69921], [-95.386583, 29.700145], [-95.382091, 29.713104], [-95.378735, 29.711943], [-95.372808, 29.713943], [-95.370843, 29.713069], [-95.3694, 29.709264], [-95.358066, 29.710528], [-95.354578, 29.709342], [-95.344458, 29.712545], [-95.340097, 29.711333], [-95.339025, 29.714093]]]}}, {"type": "Feature", "properties": {"zip": "77061", "name": "Gulfgate S / Telephone Rd", "median_household_income": 64348.0, "median_gross_rent": 840.0, "median_home_value": 269268.0, "total_population": 43765.0, "renter_pct": 63.8, "rent_burden_pct": 16.6, "listing_velocity": 1.43, "price_trajectory": 35.6, "rental_yield": 3.74, "investor_activity": 49.6, "dom_shift": -2.5, "displacement_risk": 64.2, "flip_rate": 12.0, "affordability_cliff": 1.11, "is_sample_data": true}, "geometry": {"type": "Polygon", "coordinates": [[[-95.257252, 29.660748], [-95.251593, 29.652503], [-95.262996, 29.651995], [-95.262954, 29.650783], [-95.26349, 29.650758], [-95.263825, 29.651984], [-95.263811, 29.651718], [-95.263782, 29.651477], [-95.263726, 29.650355], [-95.264696, 29.650352], [-95.264969, 29.650383], [-95.264906, 29.647705], [-95.262637, 29.647735], [-95.26262, 29.647735], [-95.262437, 29.638978], [-95.264691, 29.638944], [-95.264613, 29.632473], [-95.26666, 29.632433], [-95.26682, 29.63243], [-95.268621, 29.634542], [-95.278551, 29.634393], [-95.278496, 29.629921], [-95.278869, 29.629975], [-95.285246, 29.629852], [-95.285533, 29.629831], [-95.286583, 29.634236], [-95.286418, 29.634259], [-95.285691, 29.634274], [-95.286644, 29.634325], [-95.288107, 29.636449], [-95.288254, 29.636694], [-95.288764, 29.639582], [-95.292084, 29.639427], [-95.29284, 29.638131], [-95.29506, 29.638965], [-95.295033, 29.638007], [-95.295019, 29.637762], [-95.295153, 29.637653], [-95.298486, 29.635433], [-95.299742, 29.636582], [-95.302339, 29.63521], [-95.302993, 29.634865], [-95.302824, 29.62987], [-95.305909, 29.626523], [-95.314894, 29.654952], [-95.31275, 29.655077], [-95.311177, 29.657573], [-95.308406, 29.658123], [-95.306863, 29.661125], [-95.295524, 29.66903], [-95.29522, 29.669321], [-95.295102, 29.669586], [-95.294984, 29.67011], [-95.296803, 29.671861], [-95.292647, 29.672985], [-95.29122, 29.671256], [-95.290131, 29.673485], [-95.289023, 29.67172], [-95.28908, 29.673937], [-95.287745, 29.674542], [-95.28812, 29.677591], [-95.283437, 29.677205], [-95.279888, 29.679376], [-95.273877, 29.678529], [-95.272673, 29.680346], [-95.267996, 29.675558], [-95.268208, 29.675398], [-95.268626, 29.67508], [-95.269441, 29.674457], [-95.26634, 29.671294], [-95.26547, 29.672696], [-95.266412, 29.673943], [-95.263141, 29.670131], [-95.261274, 29.666892], [-95.262825, 29.665436], [-95.262821, 29.66471], [-95.262794, 29.663456], [-95.262396, 29.663461], [-95.260715, 29.663499], [-95.259052, 29.663536], [-95.258696, 29.662983], [-95.25855, 29.662755], [-95.258146, 29.662128], [-95.260032, 29.662563], [-95.259863, 29.661294], [-95.258018, 29.661932], [-95.257511, 29.661151], [-95.257252, 29.660748]]]}}, {"type": "Feature", "properties": {"zip": "77010", "name": "Downtown Core", "median_household_income": 54867.0, "median_gross_rent": 1191.0, "median_home_value": 145710.0, "total_population": 25365.0, "renter_pct": 56.2, "rent_burden_pct": 26.2, "listing_velocity": 0.99, "price_trajectory": 29.3, "rental_yield": 9.81, "investor_activity": 57.4, "dom_shift": -3.1, "displacement_risk": 57.8, "flip_rate": 14.7, "affordability_cliff": 0.76, "is_sample_data": true}, "geometry": {"type": "Polygon", "coordinates": [[[-95.362645, 29.753381], [-95.363458, 29.757155], [-95.362598, 29.75665], [-95.361744, 29.756126], [-95.361144, 29.756885], [-95.35916, 29.7546], [-95.358577, 29.755337], [-95.355304, 29.754137], [-95.358489, 29.749765], [-95.360632, 29.752754], [-95.360936, 29.752343], [-95.361526, 29.751601], [-95.362416, 29.752129], [-95.361778, 29.752873], [-95.362645, 29.753381]]]}}, {"type": "Feature", "properties": {"zip": "77042", "name": "Westchase / Briar Forest S", "median_household_income": 71888.0, "median_gross_rent": 1410.0, "median_home_value": 276066.0, "total_population": 30685.0, "renter_pct": 50.0, "rent_burden_pct": 23.1, "listing_velocity": 1.34, "price_trajectory": 35.3, "rental_yield": 6.13, "investor_activity": 44.3, "dom_shift": -5.0, "displacement_risk": 65.0, "flip_rate": 11.3, "affordability_cliff": 0.84, "is_sample_data": true}, "geometry": {"type": "MultiPolygon", "coordinates": [[[[-95.574959, 29.743347], [-95.576271, 29.742297], [-95.576296, 29.743357], [-95.576057, 29.743357], [-95.57516, 29.743374], [-95.574959, 29.743347]]], [[[-95.574959, 29.743347], [-95.575188, 29.745232], [-95.575881, 29.745214], [-95.576311, 29.745196], [-95.576484, 29.755242], [-95.577394, 29.754739], [-95.5779, 29.755442], [-95.577134, 29.757033], [-95.588286, 29.756851], [-95.589615, 29.759794], [-95.58548, 29.765335], [-95.578396, 29.767021], [-95.569723, 29.762069], [-95.56271, 29.761962], [-95.559574, 29.760673], [-95.556624, 29.762474], [-95.554425, 29.760896], [-95.554501, 29.759203], [-95.551276, 29.760767], [-95.547799, 29.759107], [-95.548322, 29.757408], [-95.545115, 29.754857], [-95.545496, 29.752193], [-95.546752, 29.75162], [-95.543292, 29.750174], [-95.54167, 29.747572], [-95.54141, 29.737084], [-95.540438, 29.737102], [-95.539426, 29.737106], [-95.538871, 29.737117], [-95.540329, 29.733769], [-95.542158, 29.734613], [-95.542135, 29.734041], [-95.542099, 29.732896], [-95.54209, 29.732308], [-95.540834, 29.732327], [-95.541415, 29.732276], [-95.541363, 29.730486], [-95.543556, 29.729607], [-95.539127, 29.726506], [-95.541856, 29.724171], [-95.541565, 29.724166], [-95.541555, 29.723079], [-95.541611, 29.722951], [-95.540693, 29.724128], [-95.539081, 29.7221], [-95.539059, 29.719588], [-95.559501, 29.717941], [-95.559282, 29.715126], [-95.559905, 29.714864], [-95.560415, 29.714522], [-95.560835, 29.714271], [-95.561504, 29.716303], [-95.568975, 29.715725], [-95.569054, 29.716917], [-95.569563, 29.716835], [-95.569534, 29.716508], [-95.569459, 29.715689], [-95.571401, 29.715529], [-95.571667, 29.729641], [-95.572709, 29.729817], [-95.571699, 29.732216], [-95.575678, 29.732702], [-95.576054, 29.73479], [-95.576096, 29.735071], [-95.57617, 29.738531], [-95.574736, 29.738559], [-95.573715, 29.738588], [-95.573695, 29.739871], [-95.574957, 29.739865], [-95.574971, 29.740036], [-95.573731, 29.740042], [-95.573722, 29.741343], [-95.574494, 29.741346], [-95.576256, 29.741296], [-95.573736, 29.741467], [-95.573777, 29.742666], [-95.573781, 29.743252], [-95.574959, 29.743347]]]]}}, {"type": "Feature", "properties": {"zip": "77031", "name": "Alief East / Sharpstown S", "median_household_income": 48895.0, "median_gross_rent": 1064.0, "median_home_value": 197993.0, "total_population": 36010.0, "renter_pct": 50.0, "rent_burden_pct": 25.2, "listing_velocity": 1.57, "price_trajectory": 33.3, "rental_yield": 6.45, "investor_activity": 55.4, "dom_shift": -8.2, "displacement_risk": 59.4, "flip_rate": 14.6, "affordability_cliff": 0.99, "is_sample_data": true}, "geometry": {"type": "Polygon", "coordinates": [[[-95.528811, 29.663524], [-95.528024, 29.655684], [-95.529207, 29.6557], [-95.529246, 29.655494], [-95.527996, 29.653833], [-95.52892, 29.653833], [-95.529715, 29.653833], [-95.531951, 29.653834], [-95.53193, 29.656266], [-95.536266, 29.656298], [-95.536034, 29.643062], [-95.538295, 29.640964], [-95.550124, 29.640732], [-95.550087, 29.639645], [-95.551607, 29.639646], [-95.571273, 29.648707], [-95.568422, 29.651379], [-95.569956, 29.652904], [-95.568463, 29.654762], [-95.565708, 29.653927], [-95.563341, 29.656115], [-95.560417, 29.659376], [-95.559121, 29.663425], [-95.557862, 29.660935], [-95.565479, 29.653856], [-95.562225, 29.656431], [-95.55644, 29.658268], [-95.557665, 29.660582], [-95.555675, 29.658669], [-95.543085, 29.668119], [-95.538143, 29.668838], [-95.531627, 29.673164], [-95.528196, 29.67272], [-95.52903, 29.670468], [-95.532132, 29.671193], [-95.5322, 29.67102], [-95.532221, 29.67095], [-95.532308, 29.67029], [-95.528159, 29.669684], [-95.529217, 29.669023], [-95.528156, 29.66841], [-95.528819, 29.664956], [-95.531527, 29.665161], [-95.529831, 29.66324], [-95.531605, 29.663161], [-95.528811, 29.663524]]]}}, {"type": "Feature", "properties": {"zip": "77083", "name": "Mission Bend / Alief W", "median_household_income": 58363.0, "median_gross_rent": 1018.0, "median_home_value": 148663.0, "total_population": 29079.0, "renter_pct": 41.4, "rent_burden_pct": 22.1, "listing_velocity": 1.41, "price_trajectory": 39.6, "rental_yield": 8.22, "investor_activity": 55.6, "dom_shift": -7.5, "displacement_risk": 67.0, "flip_rate": 15.6, "affordability_cliff": 0.61, "is_sample_data": true}, "geometry": {"type": "Polygon", "coordinates": [[[-95.688075, 29.700948], [-95.688125, 29.707364], [-95.634478, 29.711571], [-95.633802, 29.710408], [-95.633067, 29.711688], [-95.614704, 29.713411], [-95.614414, 29.675818], [-95.616075, 29.670411], [-95.629113, 29.677636], [-95.629123, 29.676091], [-95.63171, 29.676059], [-95.632641, 29.67758], [-95.632642, 29.677184], [-95.632637, 29.677058], [-95.632602, 29.675332], [-95.64134, 29.674463], [-95.64109, 29.672488], [-95.641334, 29.672481], [-95.641901, 29.672465], [-95.643295, 29.672415], [-95.643347, 29.673276], [-95.644342, 29.673275], [-95.643502, 29.674495], [-95.644925, 29.674539], [-95.644799, 29.67691], [-95.644807, 29.677037], [-95.643537, 29.677119], [-95.643542, 29.677243], [-95.64878, 29.676297], [-95.659234, 29.676942], [-95.662086, 29.675187], [-95.679968, 29.67675], [-95.680562, 29.682938], [-95.68656, 29.683489], [-95.687783, 29.684752], [-95.688075, 29.700948]]]}}, {"type": "Feature", "properties": {"zip": "77064", "name": "Willowbrook S", "median_household_income": 59567.0, "median_gross_rent": 1307.0, "median_home_value": 344871.0, "total_population": 45616.0, "renter_pct": 35.4, "rent_burden_pct": 25.9, "listing_velocity": 1.21, "price_trajectory": 45.2, "rental_yield": 4.55, "investor_activity": 50.3, "dom_shift": -3.0, "displacement_risk": 56.8, "flip_rate": 8.4, "affordability_cliff": 1.24, "is_sample_data": true}, "geometry": {"type": "Polygon", "coordinates": [[[-95.567757, 29.938898], [-95.568238, 29.938903], [-95.569033, 29.938902], [-95.569028, 29.940527], [-95.567737, 29.943277], [-95.556434, 29.952895], [-95.553124, 29.952867], [-95.552235, 29.956747], [-95.54758, 29.961034], [-95.544595, 29.958544], [-95.540763, 29.959347], [-95.535367, 29.954901], [-95.536169, 29.956513], [-95.534873, 29.958232], [-95.534892, 29.955025], [-95.534692, 29.955076], [-95.533227, 29.955797], [-95.530463, 29.950926], [-95.533378, 29.950714], [-95.51636, 29.937413], [-95.529383, 29.935911], [-95.521692, 29.936627], [-95.500748, 29.899616], [-95.512739, 29.898071], [-95.538409, 29.898509], [-95.538465, 29.902712], [-95.549418, 29.898164], [-95.549729, 29.886765], [-95.550179, 29.896344], [-95.567741, 29.89557], [-95.567628, 29.898423], [-95.569925, 29.899312], [-95.570854, 29.899282], [-95.573334, 29.899239], [-95.572596, 29.895507], [-95.579438, 29.895525], [-95.584504, 29.897687], [-95.584605, 29.914093], [-95.583859, 29.91425], [-95.583176, 29.914561], [-95.583224, 29.915847], [-95.584621, 29.91555], [-95.584646, 29.917829], [-95.584655, 29.918641], [-95.584678, 29.920799], [-95.583826, 29.9208], [-95.583391, 29.920807], [-95.583407, 29.924506], [-95.583345, 29.92449], [-95.582924, 29.924496], [-95.582925, 29.92464], [-95.583407, 29.924635], [-95.584715, 29.92462], [-95.583709, 29.927129], [-95.584746, 29.927449], [-95.583577, 29.927453], [-95.584598, 29.930282], [-95.58263, 29.931059], [-95.582006, 29.933596], [-95.580275, 29.932479], [-95.580139, 29.933612], [-95.577642, 29.933627], [-95.577836, 29.937146], [-95.573031, 29.940065], [-95.572088, 29.937519], [-95.567774, 29.937487], [-95.567757, 29.938898]]]}}, {"type": "Feature", "properties": {"zip": "77058", "name": "Clear Lake / NASA", "median_household_income": 37315.0, "median_gross_rent": 877.0, "median_home_value": 321609.0, "total_population": 28234.0, "renter_pct": 58.8, "rent_burden_pct": 27.8, "listing_velocity": 1.48, "price_trajectory": 40.2, "rental_yield": 3.27, "investor_activity": 62.9, "dom_shift": -11.7, "displacement_risk": 71.3, "flip_rate": 16.8, "affordability_cliff": 2.11, "is_sample_data": true}, "geometry": {"type": "Polygon", "coordinates": [[[-95.074306, 29.548186], [-95.079485, 29.54334], [-95.080232, 29.540141], [-95.078594, 29.537255], [-95.079541, 29.534135], [-95.085926, 29.534848], [-95.090038, 29.531128], [-95.094518, 29.53574], [-95.096967, 29.534098], [-95.095222, 29.528923], [-95.10173, 29.5309], [-95.101542, 29.533798], [-95.110634, 29.54322], [-95.106413, 29.545938], [-95.109839, 29.549525], [-95.115253, 29.550185], [-95.125913, 29.547963], [-95.126277, 29.546873], [-95.12823, 29.54899], [-95.128472, 29.548814], [-95.128593, 29.548957], [-95.127026, 29.551734], [-95.126509, 29.551174], [-95.126207, 29.550824], [-95.117806, 29.557188], [-95.11762, 29.557488], [-95.117399, 29.557891], [-95.118664, 29.558384], [-95.11723, 29.561086], [-95.116977, 29.561525], [-95.115614, 29.564062], [-95.11512, 29.563862], [-95.114355, 29.563543], [-95.110412, 29.570861], [-95.11447, 29.572838], [-95.113799, 29.574085], [-95.111837, 29.573279], [-95.110039, 29.576588], [-95.107867, 29.580654], [-95.107186, 29.580368], [-95.10563, 29.579735], [-95.103021, 29.584744], [-95.102896, 29.590117], [-95.10254, 29.589743], [-95.10228, 29.589556], [-95.098047, 29.594565], [-95.091403, 29.596823], [-95.089656, 29.593148], [-95.085189, 29.592271], [-95.083554, 29.593722], [-95.079644, 29.592086], [-95.082492, 29.587598], [-95.07743, 29.585717], [-95.076471, 29.58733], [-95.072346, 29.584648], [-95.071004, 29.581942], [-95.069031, 29.582536], [-95.067171, 29.580939], [-95.07147, 29.576532], [-95.072164, 29.563684], [-95.069201, 29.556797], [-95.074306, 29.548186]]]}}, {"type": "Feature", "properties": {"zip": "77004", "name": "Third Ward / Midtown S", "median_household_income": 48497.0, "median_gross_rent": 1133.0, "median_home_value": 291547.0, "total_population": 32069.0, "renter_pct": 58.0, "rent_burden_pct": 27.5, "listing_velocity": 1.24, "price_trajectory": 44.2, "rental_yield": 4.66, "investor_activity": 43.8, "dom_shift": -9.9, "displacement_risk": 69.1, "flip_rate": 15.2, "affordability_cliff": 1.52, "is_sample_data": true}, "geometry": {"type": "MultiPolygon", "coordinates": [[[[-95.372277, 29.746044], [-95.371729, 29.74673], [-95.370874, 29.74622], [-95.372277, 29.746044]]], [[[-95.386091, 29.728585], [-95.385653, 29.729155], [-95.386503, 29.729674], [-95.384624, 29.730441], [-95.385503, 29.730957], [-95.384544, 29.732243], [-95.384472, 29.732247], [-95.383638, 29.732292], [-95.383095, 29.732353], [-95.382679, 29.73452], [-95.37911, 29.737412], [-95.379979, 29.737953], [-95.379548, 29.738478], [-95.379094, 29.73905], [-95.378231, 29.738531], [-95.377651, 29.739247], [-95.378529, 29.739761], [-95.378054, 29.740365], [-95.377177, 29.739839], [-95.373762, 29.744143], [-95.371483, 29.743832], [-95.370736, 29.74477], [-95.370032, 29.745658], [-95.370011, 29.745696], [-95.36937, 29.745306], [-95.369159, 29.745184], [-95.368297, 29.744654], [-95.369769, 29.742801], [-95.368902, 29.742277], [-95.367436, 29.744123], [-95.366577, 29.743629], [-95.365728, 29.743114], [-95.364889, 29.742626], [-95.362975, 29.744983], [-95.363875, 29.740646], [-95.363048, 29.740149], [-95.362304, 29.74106], [-95.35803, 29.738484], [-95.357743, 29.740433], [-95.35684, 29.739849], [-95.356125, 29.739436], [-95.356265, 29.740728], [-95.354949, 29.740549], [-95.337523, 29.728585], [-95.332917, 29.714372], [-95.334774, 29.713223], [-95.338477, 29.714843], [-95.340097, 29.711333], [-95.344458, 29.712545], [-95.354578, 29.709342], [-95.358066, 29.710528], [-95.3694, 29.709264], [-95.370843, 29.713069], [-95.372808, 29.713943], [-95.378735, 29.711943], [-95.382813, 29.713077], [-95.387771, 29.708641], [-95.391127, 29.708184], [-95.389315, 29.714531], [-95.387004, 29.717281], [-95.389315, 29.718692], [-95.387639, 29.720116], [-95.391316, 29.721942], [-95.389358, 29.724433], [-95.39027, 29.726967], [-95.386091, 29.728585]]]]}}, {"type": "Feature", "properties": {"zip": "77019", "name": "River Oaks / Montrose N", "median_household_income": 155043.0, "median_gross_rent": 2188.0, "median_home_value": 843359.0, "total_population": 17760.0, "renter_pct": 50.0, "rent_burden_pct": 16.5, "listing_velocity": 0.6, "price_trajectory": 16.2, "rental_yield": 3.11, "investor_activity": 8.8, "dom_shift": 3.6, "displacement_risk": 32.6, "flip_rate": 1.8, "affordability_cliff": 1.51, "is_sample_data": true}, "geometry": {"type": "Polygon", "coordinates": [[[-95.37866, 29.753917], [-95.379134, 29.752066], [-95.398017, 29.753229], [-95.401366, 29.750794], [-95.402206, 29.752427], [-95.402888, 29.742767], [-95.41639, 29.742394], [-95.416402, 29.743299], [-95.417598, 29.743284], [-95.417575, 29.74238], [-95.418778, 29.742319], [-95.418784, 29.74328], [-95.418799, 29.743726], [-95.418954, 29.743732], [-95.419911, 29.742258], [-95.426498, 29.743296], [-95.426506, 29.742121], [-95.430029, 29.742068], [-95.43015, 29.747758], [-95.441697, 29.74676], [-95.441726, 29.747581], [-95.441716, 29.747621], [-95.446115, 29.748095], [-95.446025, 29.751373], [-95.441061, 29.751731], [-95.437121, 29.756172], [-95.43535, 29.755887], [-95.435075, 29.754142], [-95.433941, 29.754451], [-95.43304, 29.759798], [-95.429334, 29.758284], [-95.42846, 29.759344], [-95.429525, 29.760316], [-95.427854, 29.76046], [-95.425168, 29.756582], [-95.424227, 29.758297], [-95.422312, 29.757345], [-95.420284, 29.75928], [-95.418289, 29.75755], [-95.416027, 29.760159], [-95.413455, 29.760076], [-95.412977, 29.762379], [-95.408081, 29.760382], [-95.395381, 29.762937], [-95.385313, 29.761653], [-95.382822, 29.763937], [-95.380877, 29.761927], [-95.373205, 29.76116], [-95.37455, 29.754266], [-95.374668, 29.754447], [-95.374749, 29.754637], [-95.374951, 29.755113], [-95.37493, 29.753953], [-95.375033, 29.753673], [-95.375233, 29.753431], [-95.376835, 29.753116], [-95.37866, 29.753917]]]}}, {"type": "Feature", "properties": {"zip": "77093", "name": "Aldine S / Homestead", "median_household_income": 33225.0, "median_gross_rent": 863.0, "median_home_value": 124820.0, "total_population": 29895.0, "renter_pct": 52.0, "rent_burden_pct": 30.0, "listing_velocity": 1.76, "price_trajectory": 55.1, "rental_yield": 8.3, "investor_activity": 84.4, "dom_shift": -12.1, "displacement_risk": 82.3, "flip_rate": 14.6, "affordability_cliff": 0.8, "is_sample_data": true}, "geometry": {"type": "Polygon", "coordinates": [[[-95.365085, 29.870732], [-95.370535, 29.892547], [-95.365531, 29.891298], [-95.35704, 29.89477], [-95.350787, 29.894426], [-95.344558, 29.889914], [-95.344374, 29.888193], [-95.333307, 29.888245], [-95.333071, 29.890563], [-95.332902, 29.890559], [-95.331039, 29.890886], [-95.331083, 29.89415], [-95.329747, 29.894163], [-95.329621, 29.894151], [-95.32958, 29.890929], [-95.30659, 29.891185], [-95.335349, 29.819891], [-95.355586, 29.819696], [-95.355115, 29.830238], [-95.365085, 29.870732]]]}}, {"type": "Feature", "properties": {"zip": "77027", "name": "Galleria / River Oaks S", "median_household_income": 127836.0, "median_gross_rent": 1926.0, "median_home_value": 733585.0, "total_population": 14695.0, "renter_pct": 55.0, "rent_burden_pct": 18.5, "listing_velocity": 1.19, "price_trajectory": 16.5, "rental_yield": 3.15, "investor_activity": 19.9, "dom_shift": -2.1, "displacement_risk": 33.2, "flip_rate": 4.7, "affordability_cliff": 1.25, "is_sample_data": true}, "geometry": {"type": "Polygon", "coordinates": [[[-95.448401, 29.756101], [-95.44605, 29.753942], [-95.442441, 29.753612], [-95.43967, 29.757082], [-95.438021, 29.757132], [-95.438779, 29.759584], [-95.433809, 29.757672], [-95.433814, 29.75756], [-95.433941, 29.754451], [-95.435075, 29.754142], [-95.43535, 29.755887], [-95.436858, 29.756272], [-95.441061, 29.751731], [-95.44584, 29.751528], [-95.446115, 29.748095], [-95.441716, 29.747621], [-95.441726, 29.747581], [-95.441697, 29.74676], [-95.43015, 29.747758], [-95.42997, 29.738337], [-95.43216, 29.738321], [-95.433426, 29.733402], [-95.438438, 29.732687], [-95.438268, 29.729337], [-95.437215, 29.729354], [-95.436351, 29.729381], [-95.436366, 29.729933], [-95.436389, 29.730813], [-95.436384, 29.732094], [-95.43629, 29.731723], [-95.43341, 29.731837], [-95.433458, 29.732321], [-95.433461, 29.732977], [-95.432336, 29.733251], [-95.432068, 29.732229], [-95.429973, 29.732624], [-95.429833, 29.732018], [-95.429589, 29.731235], [-95.428464, 29.731369], [-95.427966, 29.728586], [-95.460397, 29.72634], [-95.456885, 29.747796], [-95.459357, 29.750265], [-95.45776, 29.750303], [-95.456306, 29.750301], [-95.456388, 29.749736], [-95.456032, 29.75057], [-95.455742, 29.75132], [-95.455722, 29.759957], [-95.452662, 29.758583], [-95.452839, 29.757292], [-95.448401, 29.756101]]]}}, {"type": "Feature", "properties": {"zip": "77088", "name": "Acres Homes / Inwood", "median_household_income": 73460.0, "median_gross_rent": 1009.0, "median_home_value": 238084.0, "total_population": 29636.0, "renter_pct": 51.5, "rent_burden_pct": 17.2, "listing_velocity": 1.2, "price_trajectory": 35.7, "rental_yield": 5.09, "investor_activity": 45.1, "dom_shift": -3.0, "displacement_risk": 57.5, "flip_rate": 12.1, "affordability_cliff": 0.76, "is_sample_data": true}, "geometry": {"type": "Polygon", "coordinates": [[[-95.417382, 29.870066], [-95.420667, 29.870053], [-95.42015, 29.868885], [-95.419573, 29.867662], [-95.41941, 29.867302], [-95.422111, 29.867264], [-95.421828, 29.865868], [-95.42817, 29.863589], [-95.446403, 29.863478], [-95.446404, 29.864384], [-95.447828, 29.864369], [-95.449087, 29.864364], [-95.449085, 29.863865], [-95.449092, 29.863144], [-95.458834, 29.863452], [-95.459002, 29.867016], [-95.459674, 29.865664], [-95.459806, 29.865639], [-95.462204, 29.865599], [-95.46307, 29.865581], [-95.462411, 29.870498], [-95.463828, 29.870044], [-95.464581, 29.869803], [-95.464573, 29.863383], [-95.466268, 29.863347], [-95.466828, 29.863322], [-95.466845, 29.861896], [-95.469526, 29.862396], [-95.471745, 29.86463], [-95.475148, 29.86491], [-95.475132, 29.863287], [-95.478388, 29.863406], [-95.480376, 29.865658], [-95.480406, 29.866907], [-95.480421, 29.86798], [-95.480411, 29.868839], [-95.48332, 29.868762], [-95.483294, 29.868718], [-95.481616, 29.865763], [-95.481873, 29.86576], [-95.483842, 29.865757], [-95.48505, 29.868202], [-95.487134, 29.866543], [-95.493806, 29.874161], [-95.494456, 29.87664], [-95.495004, 29.876639], [-95.498481, 29.876636], [-95.498525, 29.876712], [-95.494443, 29.877514], [-95.494459, 29.886022], [-95.495411, 29.886015], [-95.495964, 29.888748], [-95.496042, 29.889138], [-95.494914, 29.889204], [-95.494416, 29.889194], [-95.495687, 29.899681], [-95.480434, 29.89975], [-95.480178, 29.898028], [-95.475815, 29.897705], [-95.475593, 29.899724], [-95.470425, 29.899706], [-95.464775, 29.898781], [-95.46433, 29.898263], [-95.463509, 29.897471], [-95.429209, 29.897919], [-95.4285, 29.897025], [-95.427977, 29.897402], [-95.427951, 29.897922], [-95.412618, 29.898146], [-95.412273, 29.877912], [-95.413728, 29.877895], [-95.40978, 29.87267], [-95.409672, 29.869857], [-95.412441, 29.870467], [-95.41245, 29.870291], [-95.412432, 29.869293], [-95.414807, 29.868417], [-95.414819, 29.868823], [-95.414841, 29.869593], [-95.417382, 29.870066]]]}}, {"type": "Feature", "properties": {"zip": "77056", "name": "Tanglewood / Galleria W", "median_household_income": 119159.0, "median_gross_rent": 1874.0, "median_home_value": 573920.0, "total_population": 21989.0, "renter_pct": 60.0, "rent_burden_pct": 20.3, "listing_velocity": 0.85, "price_trajectory": 28.6, "rental_yield": 3.92, "investor_activity": 15.4, "dom_shift": -2.9, "displacement_risk": 51.0, "flip_rate": 5.3, "affordability_cliff": 1.05, "is_sample_data": true}, "geometry": {"type": "Polygon", "coordinates": [[[-95.476576, 29.737984], [-95.478159, 29.770821], [-95.479711, 29.773378], [-95.476273, 29.771088], [-95.475032, 29.772425], [-95.47304, 29.772051], [-95.471956, 29.770331], [-95.468459, 29.770607], [-95.464977, 29.768487], [-95.464975, 29.76697], [-95.462699, 29.767792], [-95.458037, 29.76412], [-95.460551, 29.762373], [-95.458024, 29.761577], [-95.457794, 29.75939], [-95.455722, 29.759957], [-95.455742, 29.75132], [-95.456032, 29.75057], [-95.456388, 29.749736], [-95.456306, 29.750301], [-95.45776, 29.750303], [-95.459357, 29.750265], [-95.456885, 29.747796], [-95.460395, 29.726212], [-95.468175, 29.725602], [-95.469764, 29.723561], [-95.472321, 29.723552], [-95.471465, 29.725794], [-95.473301, 29.725753], [-95.476259, 29.725727], [-95.47642, 29.725724], [-95.476414, 29.728838], [-95.480337, 29.729543], [-95.476411, 29.730216], [-95.476576, 29.737984]]]}}, {"type": "Feature", "properties": {"zip": "77081", "name": "Bellaire / Maplewood S", "median_household_income": 65209.0, "median_gross_rent": 936.0, "median_home_value": 233111.0, "total_population": 46270.0, "renter_pct": 45.4, "rent_burden_pct": 18.4, "listing_velocity": 1.35, "price_trajectory": 34.1, "rental_yield": 4.82, "investor_activity": 60.8, "dom_shift": -8.3, "displacement_risk": 57.7, "flip_rate": 13.3, "affordability_cliff": 1.02, "is_sample_data": true}, "geometry": {"type": "Polygon", "coordinates": [[[-95.451999, 29.720387], [-95.45402, 29.720372], [-95.454579, 29.720357], [-95.454602, 29.722535], [-95.454567, 29.722662], [-95.459799, 29.722795], [-95.460308, 29.720238], [-95.460309, 29.720306], [-95.460372, 29.72453], [-95.460391, 29.725934], [-95.464032, 29.725639], [-95.463956, 29.720255], [-95.468097, 29.720212], [-95.46799, 29.712979], [-95.472594, 29.712904], [-95.472512, 29.707476], [-95.476286, 29.707432], [-95.476255, 29.703396], [-95.474157, 29.704423], [-95.474078, 29.698385], [-95.480355, 29.698324], [-95.480373, 29.699284], [-95.480381, 29.700245], [-95.48041, 29.701246], [-95.48247, 29.700239], [-95.484572, 29.699194], [-95.484436, 29.69009], [-95.492658, 29.689774], [-95.492892, 29.690687], [-95.492953, 29.691599], [-95.492953, 29.692111], [-95.493603, 29.692116], [-95.494052, 29.69212], [-95.494471, 29.692114], [-95.494814, 29.693885], [-95.492993, 29.694803], [-95.49305, 29.705453], [-95.493067, 29.705453], [-95.494301, 29.705454], [-95.495171, 29.705463], [-95.495173, 29.705702], [-95.495205, 29.708937], [-95.49328, 29.710832], [-95.494401, 29.71259], [-95.49629, 29.711711], [-95.499682, 29.715772], [-95.491493, 29.72373], [-95.471465, 29.725794], [-95.472321, 29.723552], [-95.469764, 29.723561], [-95.468175, 29.725602], [-95.44787, 29.72727], [-95.4478, 29.723862], [-95.451976, 29.725153], [-95.451999, 29.720387]], [[-95.494404, 29.719806], [-95.494781, 29.720115], [-95.495144, 29.719795], [-95.496918, 29.718223], [-95.496232, 29.717654], [-95.496082, 29.717799], [-95.495658, 29.717374], [-95.494142, 29.718332], [-95.494404, 29.719806]]]}}, {"type": "Feature", "properties": {"zip": "77051", "name": "Sunnyside / South Park", "median_household_income": 30660.0, "median_gross_rent": 809.0, "median_home_value": 102581.0, "total_population": 16182.0, "renter_pct": 52.0, "rent_burden_pct": 32.4, "listing_velocity": 1.71, "price_trajectory": 33.8, "rental_yield": 9.46, "investor_activity": 64.7, "dom_shift": -4.8, "displacement_risk": 63.4, "flip_rate": 12.8, "affordability_cliff": 0.87, "is_sample_data": true}, "geometry": {"type": "Polygon", "coordinates": [[[-95.355675, 29.673328], [-95.355291, 29.653483], [-95.356286, 29.648215], [-95.365816, 29.646444], [-95.373757, 29.640433], [-95.374146, 29.640334], [-95.375168, 29.640475], [-95.375552, 29.640366], [-95.375492, 29.637577], [-95.37791, 29.635981], [-95.377976, 29.635667], [-95.377839, 29.634814], [-95.378074, 29.632659], [-95.379887, 29.631631], [-95.380148, 29.629873], [-95.384693, 29.629861], [-95.38728, 29.632212], [-95.387281, 29.632302], [-95.387347, 29.636158], [-95.408365, 29.635828], [-95.407228, 29.634443], [-95.410445, 29.634831], [-95.396328, 29.670542], [-95.363205, 29.680767], [-95.355965, 29.680921], [-95.355675, 29.673328]]]}}, {"type": "Feature", "properties": {"zip": "77077", "name": "Energy Corridor / Memorial W", "median_household_income": 68640.0, "median_gross_rent": 1212.0, "median_home_value": 258688.0, "total_population": 33464.0, "renter_pct": 49.9, "rent_burden_pct": 20.0, "listing_velocity": 1.36, "price_trajectory": 26.8, "rental_yield": 5.62, "investor_activity": 45.8, "dom_shift": -9.4, "displacement_risk": 61.0, "flip_rate": 9.3, "affordability_cliff": 1.04, "is_sample_data": true}, "geometry": {"type": "Polygon", "coordinates": [[[-95.574959, 29.743347], [-95.573781, 29.743252], [-95.573777, 29.742666], [-95.573736, 29.741467], [-95.576256, 29.741296], [-95.574494, 29.741346], [-95.573722, 29.741343], [-95.573731, 29.740042], [-95.574971, 29.740036], [-95.574957, 29.739865], [-95.573695, 29.739871], [-95.573715, 29.738588], [-95.574736, 29.738559], [-95.57617, 29.738531], [-95.576165, 29.736616], [-95.579329, 29.736573], [-95.581199, 29.736557], [-95.581968, 29.73336], [-95.58872, 29.734569], [-95.589284, 29.731112], [-95.589571, 29.731051], [-95.590293, 29.730872], [-95.592508, 29.731677], [-95.592557, 29.73373], [-95.592562, 29.734388], [-95.60579, 29.733447], [-95.604712, 29.736148], [-95.613508, 29.735185], [-95.613537, 29.73601], [-95.617513, 29.735947], [-95.618455, 29.735058], [-95.619667, 29.735061], [-95.619688, 29.735915], [-95.653982, 29.735466], [-95.646586, 29.74729], [-95.648269, 29.769677], [-95.647815, 29.76971], [-95.647147, 29.769688], [-95.647047, 29.76971], [-95.647091, 29.768434], [-95.646845, 29.769715], [-95.639686, 29.769052], [-95.634905, 29.770505], [-95.63433, 29.77078], [-95.631991, 29.773932], [-95.625221, 29.773606], [-95.618898, 29.769961], [-95.618729, 29.763963], [-95.612099, 29.760578], [-95.602436, 29.761908], [-95.594477, 29.759238], [-95.589413, 29.759754], [-95.588286, 29.756851], [-95.577134, 29.757033], [-95.5779, 29.755442], [-95.577394, 29.754739], [-95.576484, 29.755242], [-95.576311, 29.745196], [-95.575881, 29.745214], [-95.575188, 29.745232], [-95.574959, 29.743347]], [[-95.574959, 29.743347], [-95.57516, 29.743374], [-95.576057, 29.743357], [-95.576296, 29.743357], [-95.576271, 29.742297], [-95.574959, 29.743347]]]}}, {"type": "Feature", "properties": {"zip": "77082", "name": "Westchase S / Mission Bend N", "median_household_income": 61838.0, "median_gross_rent": 1417.0, "median_home_value": 298407.0, "total_population": 40085.0, "renter_pct": 54.2, "rent_burden_pct": 27.6, "listing_velocity": 1.23, "price_trajectory": 35.6, "rental_yield": 5.7, "investor_activity": 66.7, "dom_shift": -5.6, "displacement_risk": 65.3, "flip_rate": 11.4, "affordability_cliff": 1.17, "is_sample_data": true}, "geometry": {"type": "MultiPolygon", "coordinates": [[[[-95.581444, 29.715931], [-95.580798, 29.71598], [-95.580792, 29.715311], [-95.581435, 29.715302], [-95.582064, 29.715299], [-95.582075, 29.715883], [-95.581444, 29.715931]]], [[[-95.60615, 29.736178], [-95.604643, 29.73598], [-95.605301, 29.735978], [-95.605558, 29.735964], [-95.60579, 29.733447], [-95.592562, 29.734388], [-95.592557, 29.73373], [-95.592508, 29.731677], [-95.590293, 29.730872], [-95.589571, 29.731051], [-95.589284, 29.731112], [-95.58872, 29.734569], [-95.581968, 29.73336], [-95.581199, 29.736557], [-95.579329, 29.736573], [-95.576165, 29.736616], [-95.575678, 29.732702], [-95.571699, 29.732216], [-95.572709, 29.729817], [-95.571667, 29.729641], [-95.571445, 29.716958], [-95.588309, 29.715577], [-95.590934, 29.714079], [-95.591725, 29.714069], [-95.592388, 29.71406], [-95.592385, 29.714903], [-95.592217, 29.71499], [-95.59222, 29.715231], [-95.596372, 29.714896], [-95.597147, 29.71152], [-95.603627, 29.710763], [-95.603909, 29.710758], [-95.604624, 29.710748], [-95.60467, 29.714229], [-95.633067, 29.711688], [-95.633802, 29.710408], [-95.634478, 29.711571], [-95.682941, 29.707788], [-95.708212, 29.721851], [-95.708237, 29.726647], [-95.709553, 29.728536], [-95.707745, 29.729623], [-95.70938, 29.730564], [-95.708766, 29.733023], [-95.705921, 29.734703], [-95.619688, 29.735915], [-95.619667, 29.735061], [-95.618455, 29.735058], [-95.60615, 29.736178]]]]}}, {"type": "Feature", "properties": {"zip": "77025", "name": "Braeswood / Meyerland N", "median_household_income": 71554.0, "median_gross_rent": 1355.0, "median_home_value": 313680.0, "total_population": 30870.0, "renter_pct": 45.0, "rent_burden_pct": 22.5, "listing_velocity": 1.79, "price_trajectory": 36.0, "rental_yield": 5.18, "investor_activity": 46.6, "dom_shift": -5.3, "displacement_risk": 63.7, "flip_rate": 10.2, "affordability_cliff": 0.96, "is_sample_data": true}, "geometry": {"type": "MultiPolygon", "coordinates": [[[[-95.422947, 29.706129], [-95.422539, 29.706932], [-95.420801, 29.706712], [-95.420788, 29.706147], [-95.422947, 29.706129]]], [[[-95.446567, 29.668776], [-95.44739, 29.705918], [-95.441022, 29.707607], [-95.441004, 29.706707], [-95.440985, 29.705972], [-95.430915, 29.706823], [-95.423018, 29.706129], [-95.422982, 29.704767], [-95.422976, 29.704537], [-95.422972, 29.704389], [-95.418269, 29.704398], [-95.418222, 29.70183], [-95.419288, 29.701657], [-95.418221, 29.699158], [-95.419484, 29.699153], [-95.419586, 29.699122], [-95.419605, 29.697515], [-95.419404, 29.697199], [-95.418623, 29.697628], [-95.418169, 29.697833], [-95.417523, 29.696665], [-95.418624, 29.696313], [-95.415436, 29.693099], [-95.41516, 29.69344], [-95.414864, 29.693836], [-95.414363, 29.694449], [-95.413152, 29.692807], [-95.416819, 29.691132], [-95.425284, 29.680116], [-95.424727, 29.6775], [-95.427451, 29.677619], [-95.438286, 29.663838], [-95.436305, 29.662937], [-95.435073, 29.663692], [-95.43084, 29.660462], [-95.436179, 29.659738], [-95.440022, 29.661612], [-95.441741, 29.659499], [-95.441859, 29.656317], [-95.449549, 29.653306], [-95.446431, 29.657353], [-95.446567, 29.668776]]]]}}, {"type": "Feature", "properties": {"zip": "77053", "name": "Fort Bend / Missouri City N", "median_household_income": 49675.0, "median_gross_rent": 1204.0, "median_home_value": 308758.0, "total_population": 38786.0, "renter_pct": 57.7, "rent_burden_pct": 29.4, "listing_velocity": 1.2, "price_trajectory": 27.1, "rental_yield": 4.68, "investor_activity": 48.7, "dom_shift": -9.1, "displacement_risk": 56.5, "flip_rate": 15.1, "affordability_cliff": 1.44, "is_sample_data": true}, "geometry": {"type": "Polygon", "coordinates": [[[-95.450544, 29.611115], [-95.450338, 29.613291], [-95.438419, 29.613434], [-95.438383, 29.61203], [-95.438253, 29.612028], [-95.437951, 29.612017], [-95.437442, 29.61345], [-95.435242, 29.613481], [-95.434734, 29.606213], [-95.429814, 29.606271], [-95.429856, 29.609897], [-95.427319, 29.609932], [-95.424787, 29.609942], [-95.423696, 29.609965], [-95.423714, 29.611378], [-95.423729, 29.613595], [-95.422695, 29.613609], [-95.421054, 29.61363], [-95.419592, 29.613628], [-95.442458, 29.554424], [-95.460143, 29.554001], [-95.474522, 29.56346], [-95.496476, 29.564116], [-95.504924, 29.567618], [-95.505327, 29.57246], [-95.505519, 29.572627], [-95.505559, 29.574163], [-95.511573, 29.574834], [-95.511671, 29.577272], [-95.511783, 29.580114], [-95.495485, 29.580246], [-95.493763, 29.581625], [-95.492337, 29.581608], [-95.492055, 29.581536], [-95.49224, 29.580989], [-95.49229, 29.580679], [-95.492296, 29.580267], [-95.485067, 29.580565], [-95.485753, 29.586052], [-95.484952, 29.586071], [-95.483479, 29.586106], [-95.484058, 29.590319], [-95.481841, 29.597271], [-95.478762, 29.596697], [-95.478478, 29.597006], [-95.47803, 29.597626], [-95.476704, 29.604968], [-95.473367, 29.604454], [-95.473182, 29.604829], [-95.473138, 29.605155], [-95.47316, 29.605768], [-95.470607, 29.605738], [-95.469658, 29.605727], [-95.46888, 29.607316], [-95.46488, 29.607266], [-95.464906, 29.607608], [-95.464938, 29.609437], [-95.459771, 29.609528], [-95.459736, 29.607725], [-95.459702, 29.606088], [-95.459676, 29.605868], [-95.450932, 29.606016], [-95.450544, 29.611115]]]}}, {"type": "Feature", "properties": {"zip": "77085", "name": "Fondren / South Post Oak", "median_household_income": 61724.0, "median_gross_rent": 1350.0, "median_home_value": 149073.0, "total_population": 45438.0, "renter_pct": 42.6, "rent_burden_pct": 25.7, "listing_velocity": 1.15, "price_trajectory": 41.4, "rental_yield": 10.87, "investor_activity": 62.4, "dom_shift": -2.4, "displacement_risk": 71.5, "flip_rate": 9.1, "affordability_cliff": 0.54, "is_sample_data": true}, "geometry": {"type": "Polygon", "coordinates": [[[-95.506496, 29.630912], [-95.463734, 29.647365], [-95.463498, 29.631289], [-95.465185, 29.62728], [-95.482173, 29.628465], [-95.482476, 29.627136], [-95.482593, 29.626897], [-95.482788, 29.626722], [-95.479093, 29.626538], [-95.474421, 29.62373], [-95.467218, 29.623625], [-95.467209, 29.621868], [-95.465931, 29.621698], [-95.465065, 29.621678], [-95.46488, 29.607266], [-95.46888, 29.607316], [-95.469658, 29.605727], [-95.470607, 29.605738], [-95.47316, 29.605768], [-95.473138, 29.605155], [-95.473182, 29.604829], [-95.473367, 29.604454], [-95.474501, 29.604976], [-95.475172, 29.605331], [-95.484518, 29.60473], [-95.48449, 29.605443], [-95.484491, 29.606188], [-95.492395, 29.610569], [-95.492164, 29.611972], [-95.492136, 29.612094], [-95.492107, 29.612314], [-95.521014, 29.625589], [-95.506496, 29.630912]]]}}, {"type": "Feature", "properties": {"zip": "77068", "name": "Champions Forest", "median_household_income": 63118.0, "median_gross_rent": 1308.0, "median_home_value": 251844.0, "total_population": 39891.0, "renter_pct": 54.7, "rent_burden_pct": 25.2, "listing_velocity": 1.96, "price_trajectory": 31.6, "rental_yield": 6.23, "investor_activity": 66.0, "dom_shift": -9.5, "displacement_risk": 56.7, "flip_rate": 10.8, "affordability_cliff": 0.89, "is_sample_data": true}, "geometry": {"type": "Polygon", "coordinates": [[[-95.501333, 29.99196], [-95.512028, 30.006695], [-95.51178, 30.007049], [-95.511323, 30.008123], [-95.510915, 30.00927], [-95.501695, 30.008514], [-95.501233, 30.011596], [-95.497312, 30.012462], [-95.495089, 30.016068], [-95.492207, 30.015218], [-95.490321, 30.019928], [-95.488076, 30.020489], [-95.485727, 30.024514], [-95.484127, 30.023354], [-95.484063, 30.0204], [-95.480408, 30.019777], [-95.476371, 30.024371], [-95.463687, 30.00709], [-95.465884, 30.006022], [-95.464393, 30.00398], [-95.465756, 30.00316], [-95.465637, 30.003019], [-95.465954, 30.002811], [-95.467503, 30.004748], [-95.467878, 30.004544], [-95.468663, 30.004115], [-95.468154, 30.003371], [-95.467772, 30.003615], [-95.466492, 30.001833], [-95.469704, 30.003519], [-95.468809, 30.002243], [-95.464966, 29.996983], [-95.466009, 29.996433], [-95.4686, 29.995047], [-95.468981, 29.995574], [-95.473313, 30.001572], [-95.473364, 30.001654], [-95.485026, 29.995189], [-95.486269, 29.992485], [-95.486521, 29.99194], [-95.487884, 29.991793], [-95.487275, 29.990907], [-95.487024, 29.990763], [-95.487317, 29.99005], [-95.490155, 29.98874], [-95.492161, 29.988632], [-95.492803, 29.990923], [-95.496427, 29.988955], [-95.49502, 29.989786], [-95.49598, 29.991221], [-95.498574, 29.989906], [-95.498788, 29.990262], [-95.499758, 29.989795], [-95.501333, 29.99196]], [[-95.487324, 29.992661], [-95.487324, 29.992661]]]}}, {"type": "Feature", "properties": {"zip": "77084", "name": "Addicks / Bear Creek", "median_household_income": 46112.0, "median_gross_rent": 898.0, "median_home_value": 257905.0, "total_population": 26892.0, "renter_pct": 57.5, "rent_burden_pct": 25.2, "listing_velocity": 1.47, "price_trajectory": 47.8, "rental_yield": 4.18, "investor_activity": 45.2, "dom_shift": -8.4, "displacement_risk": 70.4, "flip_rate": 17.4, "affordability_cliff": 1.37, "is_sample_data": true}, "geometry": {"type": "Polygon", "coordinates": [[[-95.703641, 29.815045], [-95.703512, 29.831124], [-95.702306, 29.83112], [-95.702301, 29.831242], [-95.702628, 29.846387], [-95.70271, 29.84638], [-95.70683, 29.846346], [-95.706828, 29.846485], [-95.702628, 29.846508], [-95.701816, 29.848486], [-95.697023, 29.846216], [-95.691556, 29.846112], [-95.690155, 29.836267], [-95.688232, 29.835146], [-95.686481, 29.831104], [-95.686285, 29.831105], [-95.685033, 29.831108], [-95.68485, 29.831106], [-95.683415, 29.835032], [-95.683235, 29.848676], [-95.689768, 29.848602], [-95.689812, 29.856114], [-95.683238, 29.856417], [-95.683238, 29.86031], [-95.678828, 29.861749], [-95.679826, 29.865363], [-95.683297, 29.865361], [-95.683301, 29.871946], [-95.685799, 29.875274], [-95.683335, 29.87539], [-95.683296, 29.879941], [-95.678482, 29.878952], [-95.6607, 29.879071], [-95.660718, 29.878587], [-95.66098, 29.87809], [-95.66087, 29.877986], [-95.660671, 29.87795], [-95.660411, 29.877942], [-95.659335, 29.878166], [-95.659075, 29.875679], [-95.648219, 29.877126], [-95.648233, 29.87761], [-95.648255, 29.879173], [-95.637499, 29.879274], [-95.637495, 29.87911], [-95.637701, 29.879104], [-95.640624, 29.879019], [-95.640748, 29.875393], [-95.64075, 29.875355], [-95.642337, 29.87532], [-95.642373, 29.874016], [-95.64299, 29.873859], [-95.642989, 29.873842], [-95.642052, 29.87408], [-95.641897, 29.87407], [-95.641881, 29.871382], [-95.641732, 29.871385], [-95.641741, 29.871471], [-95.641751, 29.87417], [-95.635575, 29.874283], [-95.635581, 29.874985], [-95.635681, 29.878965], [-95.635704, 29.879291], [-95.634571, 29.879302], [-95.633023, 29.879316], [-95.633022, 29.879236], [-95.633008, 29.879185], [-95.632999, 29.87804], [-95.628676, 29.878158], [-95.628603, 29.870703], [-95.628521, 29.870703], [-95.628543, 29.872059], [-95.624407, 29.872951], [-95.626077, 29.871455], [-95.623828, 29.869294], [-95.62437, 29.861835], [-95.620982, 29.857637], [-95.621348, 29.854262], [-95.619644, 29.853108], [-95.622857, 29.848599], [-95.621703, 29.848017], [-95.622545, 29.844174], [-95.626163, 29.840346], [-95.624912, 29.837224], [-95.626115, 29.836707], [-95.617275, 29.835998], [-95.616391, 29.826283], [-95.61547, 29.824567], [-95.613713, 29.824933], [-95.61345, 29.824593], [-95.614566, 29.824014], [-95.614964, 29.823849], [-95.611368, 29.820521], [-95.617532, 29.811287], [-95.617232, 29.790612], [-95.622839, 29.790641], [-95.623135, 29.790655], [-95.623774, 29.79066], [-95.62377, 29.784765], [-95.637534, 29.784916], [-95.637483, 29.787284], [-95.637771, 29.787825], [-95.638895, 29.787838], [-95.638903, 29.7883], [-95.641395, 29.788591], [-95.642275, 29.786995], [-95.645122, 29.786652], [-95.648358, 29.788939], [-95.651162, 29.78914], [-95.651108, 29.785418], [-95.651106, 29.785309], [-95.644788, 29.784716], [-95.683017, 29.785188], [-95.687652, 29.785913], [-95.688075, 29.787688], [-95.688348, 29.78546], [-95.718929, 29.784688], [-95.72045, 29.81491], [-95.703641, 29.815045]]]}}, {"type": "Feature", "properties": {"zip": "77078", "name": "Cloverleaf / Jacinto City N", "median_household_income": 32974.0, "median_gross_rent": 818.0, "median_home_value": 113197.0, "total_population": 11650.0, "renter_pct": 50.0, "rent_burden_pct": 31.1, "listing_velocity": 1.7, "price_trajectory": 37.8, "rental_yield": 8.67, "investor_activity": 86.4, "dom_shift": -6.3, "displacement_risk": 77.3, "flip_rate": 15.1, "affordability_cliff": 0.86, "is_sample_data": true}, "geometry": {"type": "Polygon", "coordinates": [[[-95.262234, 29.81369], [-95.262371, 29.851173], [-95.266426, 29.85111], [-95.266413, 29.85006], [-95.279349, 29.850766], [-95.27933, 29.849891], [-95.280029, 29.849884], [-95.283797, 29.851287], [-95.284277, 29.850247], [-95.284491, 29.849858], [-95.289038, 29.851746], [-95.281304, 29.859264], [-95.281348, 29.871591], [-95.268476, 29.871799], [-95.240685, 29.89864], [-95.238705, 29.89601], [-95.240205, 29.892645], [-95.238174, 29.892065], [-95.237923, 29.890158], [-95.235019, 29.887205], [-95.236903, 29.883849], [-95.235893, 29.878828], [-95.238217, 29.87767], [-95.238296, 29.872254], [-95.23067, 29.862119], [-95.231381, 29.858759], [-95.228397, 29.856874], [-95.228593, 29.8447], [-95.231613, 29.842885], [-95.231618, 29.840317], [-95.234177, 29.838089], [-95.230199, 29.834209], [-95.23181, 29.829963], [-95.229925, 29.82456], [-95.230037, 29.82451], [-95.234573, 29.822483], [-95.235485, 29.822075], [-95.236856, 29.819824], [-95.241252, 29.819354], [-95.240559, 29.814066], [-95.244039, 29.813978], [-95.244042, 29.81414], [-95.244051, 29.81451], [-95.244063, 29.815078], [-95.247735, 29.815983], [-95.243855, 29.818481], [-95.261614, 29.810916], [-95.262046, 29.811756], [-95.262328, 29.812736], [-95.262234, 29.81369]]]}}, {"type": "Feature", "properties": {"zip": "77054", "name": "South Main / Astrodome", "median_household_income": 53240.0, "median_gross_rent": 1075.0, "median_home_value": 242150.0, "total_population": 18281.0, "renter_pct": 65.0, "rent_burden_pct": 25.4, "listing_velocity": 0.98, "price_trajectory": 42.7, "rental_yield": 5.33, "investor_activity": 52.8, "dom_shift": -9.0, "displacement_risk": 67.9, "flip_rate": 14.7, "affordability_cliff": 1.03, "is_sample_data": true}, "geometry": {"type": "MultiPolygon", "coordinates": [[[[-95.441741, 29.659499], [-95.440022, 29.661612], [-95.436179, 29.659738], [-95.431041, 29.660414], [-95.442064, 29.655878], [-95.441741, 29.659499]]], [[[-95.413152, 29.692807], [-95.414363, 29.694449], [-95.413602, 29.695449], [-95.413353, 29.695753], [-95.4096, 29.693666], [-95.404766, 29.694827], [-95.40488, 29.696902], [-95.401378, 29.696948], [-95.40157, 29.69776], [-95.400976, 29.696344], [-95.402283, 29.69542], [-95.396687, 29.696749], [-95.396605, 29.702999], [-95.394847, 29.702072], [-95.395799, 29.696949], [-95.39057, 29.698242], [-95.390501, 29.700489], [-95.389091, 29.701126], [-95.388409, 29.70298], [-95.386922, 29.699088], [-95.386583, 29.700145], [-95.385374, 29.69921], [-95.374764, 29.701007], [-95.38066, 29.684643], [-95.382063, 29.67488], [-95.396328, 29.670542], [-95.394108, 29.677499], [-95.397058, 29.670326], [-95.430723, 29.660272], [-95.435073, 29.663692], [-95.436305, 29.662937], [-95.438286, 29.663838], [-95.427451, 29.677619], [-95.424727, 29.6775], [-95.425284, 29.680116], [-95.416819, 29.691132], [-95.413152, 29.692807]]]]}}, {"type": "Feature", "properties": {"zip": "77005", "name": "West University", "median_household_income": 128413.0, "median_gross_rent": 1887.0, "median_home_value": 673095.0, "total_population": 22483.0, "renter_pct": 45.0, "rent_burden_pct": 17.3, "listing_velocity": 1.36, "price_trajectory": 24.6, "rental_yield": 3.36, "investor_activity": 32.8, "dom_shift": -1.3, "displacement_risk": 47.6, "flip_rate": 2.5, "affordability_cliff": 1.23, "is_sample_data": true}, "geometry": {"type": "Polygon", "coordinates": [[[-95.44781, 29.725236], [-95.447869, 29.72711], [-95.44787, 29.72727], [-95.422214, 29.729086], [-95.418606, 29.72765], [-95.418602, 29.727201], [-95.418602, 29.726358], [-95.418589, 29.72583], [-95.402073, 29.72665], [-95.402075, 29.725687], [-95.389607, 29.725791], [-95.400876, 29.711487], [-95.411738, 29.715029], [-95.414898, 29.714225], [-95.414907, 29.715073], [-95.41666, 29.715059], [-95.418399, 29.715054], [-95.418288, 29.706164], [-95.422539, 29.706932], [-95.425931, 29.706091], [-95.440985, 29.705972], [-95.441004, 29.706707], [-95.441022, 29.707607], [-95.44272, 29.707575], [-95.442796, 29.707633], [-95.44739, 29.705918], [-95.44781, 29.725236]]]}}, {"type": "Feature", "properties": {"zip": "77055", "name": "Spring Branch S", "median_household_income": 61431.0, "median_gross_rent": 988.0, "median_home_value": 203170.0, "total_population": 22772.0, "renter_pct": 64.6, "rent_burden_pct": 20.1, "listing_velocity": 0.94, "price_trajectory": 28.6, "rental_yield": 5.84, "investor_activity": 46.8, "dom_shift": -7.7, "displacement_risk": 58.8, "flip_rate": 8.4, "affordability_cliff": 0.89, "is_sample_data": true}, "geometry": {"type": "MultiPolygon", "coordinates": [[[[-95.499937, 29.786772], [-95.498388, 29.787685], [-95.499937, 29.786772]]], [[[-95.494831, 29.787171], [-95.491344, 29.787192], [-95.494831, 29.787171]]], [[[-95.525669, 29.785054], [-95.543969, 29.78431], [-95.54487, 29.78494], [-95.544668, 29.794282], [-95.537243, 29.794157], [-95.530644, 29.795957], [-95.530665, 29.796804], [-95.53068, 29.797237], [-95.530691, 29.798211], [-95.528985, 29.798207], [-95.526648, 29.798218], [-95.526049, 29.798383], [-95.525618, 29.799828], [-95.524207, 29.799956], [-95.523921, 29.798], [-95.523681, 29.798078], [-95.522222, 29.798549], [-95.522361, 29.801074], [-95.517557, 29.801105], [-95.520177, 29.800142], [-95.520113, 29.798972], [-95.513251, 29.800215], [-95.513399, 29.802254], [-95.51138, 29.801019], [-95.509224, 29.80348], [-95.502439, 29.803498], [-95.502474, 29.815373], [-95.500849, 29.815084], [-95.499119, 29.820035], [-95.499168, 29.820077], [-95.499608, 29.820359], [-95.499914, 29.82052], [-95.49752, 29.821641], [-95.494841, 29.826002], [-95.450525, 29.794468], [-95.438975, 29.785668], [-95.438647, 29.784793], [-95.438408, 29.78396], [-95.456768, 29.783888], [-95.456777, 29.784128], [-95.456901, 29.787408], [-95.456907, 29.7875], [-95.461535, 29.788278], [-95.456951, 29.789423], [-95.466306, 29.789513], [-95.468063, 29.789471], [-95.467992, 29.784071], [-95.48639, 29.783923], [-95.486955, 29.785521], [-95.491324, 29.787768], [-95.490619, 29.789731], [-95.492284, 29.790786], [-95.492392, 29.792639], [-95.495486, 29.794006], [-95.493032, 29.792189], [-95.492069, 29.78849], [-95.500417, 29.7882], [-95.498656, 29.784009], [-95.52126, 29.783734], [-95.521252, 29.784777], [-95.525669, 29.785054]]]]}}, {"type": "Feature", "properties": {"zip": "77044", "name": "Atascocita / Generation Park", "median_household_income": 69504.0, "median_gross_rent": 857.0, "median_home_value": 216183.0, "total_population": 16534.0, "renter_pct": 47.3, "rent_burden_pct": 14.2, "listing_velocity": 1.45, "price_trajectory": 32.6, "rental_yield": 4.76, "investor_activity": 48.3, "dom_shift": -5.4, "displacement_risk": 47.7, "flip_rate": 10.2, "affordability_cliff": 0.84, "is_sample_data": true}, "geometry": {"type": "Polygon", "coordinates": [[[-95.111469, 29.87542], [-95.229925, 29.82456], [-95.23181, 29.829963], [-95.230199, 29.834209], [-95.234177, 29.838089], [-95.231618, 29.840317], [-95.231613, 29.842885], [-95.228593, 29.8447], [-95.228397, 29.856874], [-95.231381, 29.858759], [-95.23067, 29.862119], [-95.238296, 29.872254], [-95.238217, 29.87767], [-95.235893, 29.878828], [-95.236903, 29.883849], [-95.235019, 29.887205], [-95.237923, 29.890158], [-95.238174, 29.892065], [-95.240205, 29.892645], [-95.238705, 29.89601], [-95.240685, 29.89864], [-95.156433, 29.980228], [-95.151253, 29.982972], [-95.139403, 29.984445], [-95.131541, 29.987667], [-95.129285, 29.977872], [-95.148239, 29.957628], [-95.154299, 29.951155], [-95.140436, 29.926717], [-95.13295, 29.919134], [-95.124986, 29.914987], [-95.123796, 29.912259], [-95.125069, 29.905959], [-95.117527, 29.899247], [-95.114138, 29.891786], [-95.110885, 29.891034], [-95.103687, 29.893367], [-95.097409, 29.888187], [-95.095375, 29.880235], [-95.111469, 29.87542]]]}}, {"type": "Feature", "properties": {"zip": "77035", "name": "Meyerland / Willowbend", "median_household_income": 76236.0, "median_gross_rent": 1284.0, "median_home_value": 317692.0, "total_population": 31374.0, "renter_pct": 35.0, "rent_burden_pct": 20.8, "listing_velocity": 1.87, "price_trajectory": 45.1, "rental_yield": 4.85, "investor_activity": 52.2, "dom_shift": -6.8, "displacement_risk": 55.8, "flip_rate": 15.4, "affordability_cliff": 1.16, "is_sample_data": true}, "geometry": {"type": "Polygon", "coordinates": [[[-95.476706, 29.659296], [-95.476527, 29.659379], [-95.476314, 29.659477], [-95.476316, 29.661336], [-95.474818, 29.661254], [-95.465219, 29.66937], [-95.460603, 29.671001], [-95.459162, 29.675468], [-95.457446, 29.674934], [-95.457122, 29.67252], [-95.446686, 29.673226], [-95.446431, 29.657353], [-95.449549, 29.653306], [-95.441859, 29.656317], [-95.442385, 29.654665], [-95.445226, 29.653481], [-95.439253, 29.654818], [-95.439443, 29.6473], [-95.446496, 29.647098], [-95.446585, 29.653248], [-95.447544, 29.653165], [-95.44876, 29.652924], [-95.450236, 29.652534], [-95.515963, 29.627061], [-95.507579, 29.630975], [-95.508284, 29.641794], [-95.512468, 29.641727], [-95.509936, 29.642414], [-95.509938, 29.642903], [-95.50996, 29.644217], [-95.50949, 29.644228], [-95.508293, 29.644233], [-95.509048, 29.655783], [-95.503304, 29.656068], [-95.503058, 29.658497], [-95.498108, 29.658135], [-95.498105, 29.657115], [-95.497486, 29.657129], [-95.497511, 29.658009], [-95.487036, 29.657265], [-95.476706, 29.659296]]]}}]}