zip,2015-01-31,2015-02-28,2015-03-31,2015-04-30,2015-05-31,2015-06-30,2015-07-31,2015-08-31,2015-09-30,2015-10-31,2015-11-30,2015-12-31,2016-01-31,2016-02-29,2016-03-31,2016-04-30,2016-05-31,2016-06-30,2016-07-31,2016-08-31,2016-09-30,2016-10-31,2016-11-30,2016-12-31,2017-01-31,2017-02-28,2017-03-31,2017-04-30,2017-05-31,2017-06-30,2017-07-31,2017-08-31,2017-09-30,2017-10-31,2017-11-30,2017-12-31,2018-01-31,2018-02-28,2018-03-31,2018-04-30,2018-05-31,2018-06-30,2018-07-31,2018-08-31,2018-09-30,2018-10-31,2018-11-30,2018-12-31,2019-01-31,2019-02-28,2019-03-31,2019-04-30,2019-05-31,2019-06-30,2019-07-31,2019-08-31,2019-09-30,2019-10-31,2019-11-30,2019-12-31,2020-01-31,2020-02-29,2020-03-31,2020-04-30,2020-05-31,2020-06-30,2020-07-31,2020-08-31,2020-09-30,2020-10-31,2020-11-30,2020-12-31,2021-01-31,2021-02-28,2021-03-31,2021-04-30,2021-05-31,2021-06-30,2021-07-31,2021-08-31,2021-09-30,2021-10-31,2021-11-30,2021-12-31,2022-01-31,2022-02-28,2022-03-31,2022-04-30,2022-05-31,2022-06-30,2022-07-31,2022-08-31,2022-09-30,2022-10-31,2022-11-30,2022-12-31,2023-01-31,2023-02-28,2023-03-31,2023-04-30,2023-05-31,2023-06-30,2023-07-31,2023-08-31,2023-09-30,2023-10-31,2023-11-30,2023-12-31,2024-01-31,2024-02-29,2024-03-31,2024-04-30,2024-05-31,2024-06-30,2024-07-31,2024-08-31,2024-09-30,2024-10-31,2024-11-30,2024-12-31,2025-01-31,2025-02-28,2025-03-31,2025-04-30,2025-05-31,2025-06-30,2025-07-31,2025-08-31,2025-09-30,2025-10-31,2025-11-30,2025-12-31,2026-01-31,2026-02-28,2026-03-31,2026-04-30,2026-05-31,2026-06-30,2026-07-31,2026-08-31
77084,1078.9827853011213,1077.480022662777,1089.2668994415683,1102.2299426701886,1110.1526955768193,1115.1155091035457,1114.1068663222552,1117.9585892000669,1121.1899950958289,1117.4146529081663,1115.4440739705954,1099.897566614109,1112.795755095471,1108.5622468078907,1123.7095495207543,1117.0856719648348,1114.7205508145507,1107.5206841778172,1109.527558232499,1117.4302392221514,1119.1083612329303,1116.7364284700645,1112.7196748311237,1116.0673595168191,1112.964783024599,1113.0313869559384,1114.695132882576,1120.3458168377347,1131.667272581657,1136.827999092764,1139.950648283783,1141.702094432261,1154.3251071032919,1168.4712097241163,1174.9967875159011,1164.6697372308213,1160.7870514017595,1160.4929775614057,1162.3993305729944,1172.0084471018436,1174.924993444471,1183.8919854371707,1177.771802557731,1181.5657474782236,1183.4910190451578,1180.8891743763993,1189.10671535068,1190.8041687715033,1193.2248587495014,1181.2965363241076,1187.8097760281048,1201.9488895509403,1221.1087722067298,1221.863815150677,1229.1410627487744,1229.5449262699665,1225.5345519337727,1214.6955751215341,1216.4838847958658,1220.1063136046705,1225.9365685828523,1225.6800638703985,1237.4727824274094,1235.3310790667342,1240.6828852726217,1250.0870751497985,1262.6819136650684,1264.9527603682684,1264.7646204095631,1270.6721981495452,1266.9606972855702,1269.8671792200187,1276.4278941676912,1301.3031092003453,1309.830196951383,1321.44321028959,1334.4145825172589,1359.591626527813,1405.1905908011074,1453.723097177987,1486.9663092771366,1471.1828947771075,1444.7808616648742,1449.8698416697646,1463.9581924052952,1472.4000070718091,1464.983309356884,1472.2441474213617,1497.427701499459,1522.7259757884588,1540.1292791806732,1534.379338511816,1529.8280417472172,1509.8253124587816,1506.7322681586018,1497.1619643437075,1506.4775896275821,1504.2589285507513,1511.0674868201006,1509.5828244177183,1523.0591976313626,1528.4622274471153,1538.482408677115,1540.4706917506799,1542.7186825930003,1556.8082373614618,1549.8061767223003,1547.031988998172,1532.8959019949755,1541.0264319324328,1544.56736298045,1559.372805916266,1566.710089726938,1570.4558003868794,1564.4121041146325,1558.224557031378,1555.5535722990876,1558.3527392801834,1566.994805801167,1576.8921215054188,1578.8004091789612,1582.360146171171,1576.3461940146744,1577.8791418119954,1569.2027341316775,1571.408690875869,1565.5686625212109,1564.6966741297294,1562.1092957555197,1556.6362240494138,1549.6079142131534,1542.2374087188225,1545.6679175267168,1541.437240758827,1536.6529040298374,1528.0638550512786,1523.053328255987,1512.9486074120005,1508.8619279030786,1515.0536796536796
77083,,,,,,,,,,,,,,,,,1349.823381523174,1348.4340490806082,1350.1102505246915,1353.9210408126899,1353.9117295006688,1355.4460232519266,1351.5317772470091,1349.211934290857,1342.0624763007156,1348.8522224024043,1359.4477929381953,1369.316199396237,1371.549540657234,1372.355128698127,1371.3950215628613,1370.1027496581203,1364.6661117405436,1362.2573200418274,1361.8157725327212,1359.6160285580622,1366.3851812492403,1371.7603248249136,1390.0337685758698,1401.0212716763972,1399.6322886437472,1407.008140969784,1394.3198446591375,1406.1884092778287,1400.8244386250979,1400.8037977724214,1402.186395615919,1391.265938206186,1401.5280077388659,1401.9290003435676,1421.6905773132455,1424.2828941672915,1430.7490212583689,1427.4887940136293,1416.8111635983219,1413.80484652224,1406.2021742441473,1414.8589285648995,1415.1657047510498,1413.9952362071763,1414.7526865177354,1418.3445829278517,1478.018112150885,1489.5813108115385,1496.1166485907067,1452.2498642906473,1467.4899375840855,1465.3650036567415,1456.488645136153,1461.331667399838,1477.503353637233,1490.4331442143257,1491.4870996945872,1509.656072011128,1539.0514739144228,1543.4408151442299,1539.9218568462518,1544.9423470584122,1567.4208972908104,1580.844987144052,1587.692266157978,1605.9606693043625,1607.0820911804474,1624.7011302408328,1634.0884233788486,1662.2695946486585,1669.748688691902,1661.8557940267508,1689.8576171799702,1713.1950828719434,1737.2423163517803,1727.158274462167,1708.1815623478826,1726.4922668363508,1730.968286540483,1744.714207357368,1733.1288508421667,1744.8905393102489,1772.6263516282095,1793.6499877537217,1811.2722784618597,1814.5782996047199,1810.379074013439,1781.0513601398861,1767.638092933077,1747.3813002758059,1771.857464039102,1769.7294261112968,1787.8641650765471,1789.748254782533,1816.096958242884,1838.7051984324846,1841.8703063067298,1841.5751818916285,1829.3477503628949,1855.026894248151,1853.1858150793414,1865.272706863997,1830.4133879516255,1810.008305227396,1811.70066393663,1850.466540150686,1885.5331288731604,1920.4154264298,1918.9044015049953,1920.7068072844054,1919.2372743321653,1929.5565324023205,1980.3793872843357,1971.1190194468586,1976.9195080938366,1861.4343054829822,1860.5070580166735,1849.8971167422742,1918.4135122119014,1913.8742778647186,1928.4557257613965,1927.6577968028357,1934.87315872449,1921.0455818691114
77095,982.0165150252216,986.908020165219,976.4552257618027,979.8598974281813,973.4865787020357,985.6072478447784,984.2235505816122,990.9400626832726,983.1309800200507,990.6235776621535,988.1158439948193,993.9448579806615,986.2106604886982,982.4576603049761,986.2801950844391,988.4190833747933,998.0416620102201,990.8758733754433,989.49730878635,980.1108707985395,984.5172375078088,983.4102872412176,992.5719805244485,991.1385918955809,994.9728615782125,990.0725879321667,985.2609513868402,986.0994941191819,996.2355597307618,1003.8708637644157,1001.4720886667749,990.8881041341417,986.5621592344465,986.8736178256747,991.6518383881373,992.5963347562866,1005.7410425089594,1015.4551679143345,1028.1128500296845,1028.2503537343132,1035.1442074368395,1040.5329534552832,1047.6764579149465,1039.2772902461836,1032.0847270860297,1021.3279076447212,1019.1561819728879,1015.8920330922901,1020.5531937863583,1027.365314082532,1042.7405381957028,1046.9236124046104,1048.12195302844,1048.891305676829,1050.8901578411712,1052.862227118288,1044.4444033717018,1046.5786481830078,1043.424260532062,1049.4486928214235,1053.724595244705,1061.3734544308893,1067.8430245260815,1083.5774322624986,1093.924588444279,1107.2643755524155,1100.6155924301404,1106.2770903810042,1111.0998623598919,1105.486177386978,1111.996593956476,1101.856998799223,1128.998030585529,1118.4580216173113,1118.8979147743223,1116.310284773995,1142.3632924508486,1171.0231643960074,1198.1706264752793,1216.3181572946346,1232.682447266098,1236.6406459930918,1233.5952338278307,1246.3294234662937,1242.962633457961,1258.1967390335863,1259.546530517553,1268.3260440357537,1258.957090697428,1265.8975912493856,1265.2970340943032,1281.9005564521644,1279.7703989381353,1295.8165516007173,1297.6297781761962,1298.4964964173967,1286.509687125957,1295.0424160092587,1303.5832837543903,1329.5257859299777,1336.8169914918858,1342.357007106023,1342.1121436037122,1340.6272566393968,1328.5469538326618,1306.7098672119769,1293.2926189228867,1293.3752466256199,1310.2864747583321,1303.3277420986094,1314.5594784877837,1313.9046628585131,1332.1069717316211,1329.0638844665448,1329.0634277512302,1332.8180014985935,1338.9402384786617,1342.3692146061398,1337.1188587323718,1334.586520962583,1325.5387901885538,1335.0327499198834,1335.5415123878365,1352.3831133706517,1355.745428622989,1364.8470148234694,1364.158681063451,1360.6839400347296,1358.2737660673918,1353.5396002331584,1357.2218909094959,1360.5160610850166,1365.8793740384122,1362.1520265014824,1361.3983286354264,1364.331184529613,1366.5100920970192,1352.0372184392606,1342.3061724850531,1333.908016387428
77036,,,,,,,,,,,,,,,,,,,,,,,,,,,,,,,,,,,,,,,,,,,,,,,,,,,,,,,,,,,,,,,,,,,,,,,,,,,,,,,,,,909.4292703615623,898.4404349846794,892.5502396659241,912.9283879954444,924.8909406907767,925.9762795685957,921.1622866887421,919.4466251017941,928.8922058949042,935.7079905541073,950.7848143300282,983.8612167848794,979.946443382074,975.6538835363907,947.7962801327395,948.3985331127499,950.9586011084866,962.411248437648,975.020416146737,977.6729920493665,995.5808455650047,997.7524174657074,993.4046642633042,978.1223721283862,969.5852056679797,982.482307961307,979.8627343195456,989.6609999217189,992.895539354623,1009.050587521277,1014.419530997905,1001.1510607395127,986.8663650801337,981.3282695638186,998.4836036593042,1024.2834425352664,1026.1324958228588,1018.046204402729,996.1261620221909,995.2118450171763,1001.0257899950221,1009.0865223831344,1017.8345539248493,1016.6856387889262,1010.1606876175538,1005.6446102415637,1005.7745060017826,985.863594574087,962.697870283978,936.4233781726803,933.4517454314459,925.8579682900798,935.157190406535,950.2568280145896,972.8311128692638,980.1371486960162,975.1225740468554,966.7488626100144,951.8003042003043
77082,,,,,,,,,,,,,,,,,1009.9109546714654,1016.4318193985268,1015.5487077062764,1012.4648250282819,1003.8166332976107,1009.3325904991,1007.7612476639077,1000.8020127794143,1003.9514233574339,1004.8699525940913,1021.8327476790903,1020.20224949206,1026.9409795927993,1028.4074382495512,1028.6390019662138,1015.2756335677064,1000.9026534033482,1002.5537689289229,1017.7838404313694,1032.749494972654,1034.552148285315,1033.6108023255017,1037.875084265364,1036.3545930600246,1047.9072869799138,1050.4964830799831,1055.8351661671572,1045.6282065632354,1041.113536450342,1045.0773321210963,1050.2299436642593,1055.4660948368307,1047.3789184473346,1045.8284946826946,1048.430279676801,1051.0864637949924,1055.4570198214303,1054.1446976857014,1069.0295917801054,1075.877202517411,1062.681845211906,1051.153735028363,1041.4319160311518,1044.3898622062668,1039.275175179383,1034.5000750576291,1042.6699541223265,1053.2772003353803,1060.8227662695351,1067.8013170451804,1078.4826784359182,1085.905589359936,1092.8846951331202,1087.21847354515,1084.5382005222045,1076.7626672121435,1075.3961276581856,1085.194998720379,1101.170975526616,1113.4295939138465,1132.4596360333878,1156.6375551748292,1190.5474687546352,1222.64474668208,1237.4283234229572,1249.4565178220914,1236.3933827041883,1215.7834820360085,1200.1799240620498,1207.7764769664493,1227.1765923857452,1228.1913345336595,1229.8074772421685,1230.1533811412733,1236.7307218812114,1233.5330768375222,1228.1669737286402,1231.579749489387,1227.6198523674113,1233.673974130827,1226.5785056651084,1250.5282564579024,1256.3081806398247,1281.7324783552745,1276.9801537749324,1298.9195685317104,1304.6425893702067,1305.0416345014698,1287.9684944235248,1271.2639098623586,1260.273077626668,1253.087935170484,1261.3467625503483,1273.5880534250903,1294.350412411618,1295.2667083474175,1300.4558587760544,1299.0989130755393,1309.9132374437788,1315.2025658871455,1324.941526627062,1314.9307034768678,1305.579429304633,1290.644773964663,1288.5181349516463,1288.5971010115804,1294.7933705551973,1297.858769119316,1297.6187281514665,1288.069724357269,1283.2866573610468,1279.8703815911358,1290.2629368829762,1297.6047586299596,1302.3082024155879,1284.975382269132,1278.8007620500168,1278.3836143118933,1273.6442265389642,1270.6666029163523,1270.1651379912812,1281.7804309697287,1278.3952762345991,1265.5529108208355
77044,,,,,,,,,,,,,,,,,1409.4200794993324,1429.2923889990757,1418.1395873956733,1420.9772525104734,1416.7561953853146,1401.3458697270312,1385.4692404763246,1368.8847693434157,1383.6623194288113,1382.6681322951886,1390.86766112984,1408.7002706975838,1431.9671270951815,1445.7328773190245,1448.1544028390203,1449.1292863084552,1470.6280998492205,1457.2934285857884,1458.7761691184426,1437.9504470957224,1439.4184178350886,1438.2852536279556,1451.508740477642,1474.2979568806297,1493.469477701032,1511.5631104767526,1517.7919365588862,1509.379392201227,1487.2559539906165,1464.3243383298036,1460.3336543971286,1453.3993713342632,1456.747639705805,1462.83720525761,1473.3601869039783,1486.792883650621,1487.1968945729084,1496.3024476662602,1488.1043883840462,1500.406928736534,1487.7972713690544,1485.4288014839065,1469.2497890387058,1474.2454011578086,1475.1961006356905,1478.629963091105,1474.8692011834162,1471.7046906128137,1465.2040524481083,1473.166097623163,1499.6457492566583,1526.6631517542394,1545.831714782483,1555.6161290708192,1551.5721285472182,1541.838273971291,1555.317962415974,1575.727478545081,1611.5067264884656,1602.725740192548,1593.7801041312418,1592.254689010218,1627.4553495978435,1660.0844127938806,1690.5121946915142,1693.8344338862541,1706.1941541193078,1693.465731611479,1693.7458255679965,1684.5486828168755,1704.6369699182749,1711.84064876501,1742.8740836121158,1752.3464130850173,1783.5930652621498,1779.0612480408513,1778.3678453624275,1770.8090832198275,1781.3149729421293,1780.547377806018,1785.8822498544987,1800.8592493252997,1808.6810896247007,1792.9558393643852,1787.6764639424991,1808.4120676897219,1836.9192714341132,1848.434504040385,1844.8837162509737,1833.774342787395,1826.5156711136917,1810.0338568780842,1791.4646344174603,1791.8692033851707,1810.9418946792061,1846.2104777754607,1838.8216901279864,1820.2908525757398,1813.7518617233814,1834.991345081119,1849.9867273974787,1845.6843610645772,1835.047524933514,1839.5693136057962,1838.604057275844,1829.4282089496633,1847.2748051172016,1873.2247412370589,1894.5301365348396,1888.9324606212806,1884.3886951422012,1877.3085929726851,1878.7267519749253,1846.97306000366,1833.58403462642,1815.427000156176,1827.1498409643687,1846.5635574840417,1857.5382858685768,1872.2886245876211,1877.97911271797,1896.2978083088176,1894.3663002150627,1883.5029239766081
77077,,,1084.7616417666497,1088.9407110665709,1085.0882638746707,1103.6431909780022,1106.8289790502367,1101.8795122229842,1085.3697997578104,1066.1185218425444,1082.282470451723,1100.0708680732957,1126.4020051630578,1104.7677323758617,1099.5517446702163,1081.2978811363118,1093.8806045311776,1078.760741306821,1072.270936571976,1058.8695161019139,1053.1987900248375,1061.7097582520362,1076.7131913022981,1094.0113959406679,1098.94981965383,1080.9714445187956,1080.8119086755282,1080.5273770332801,1087.4899725158684,1078.2463914628372,1065.2092660385074,1058.004852923235,1069.852226488947,1111.2525352124892,1140.1968587983695,1155.148842962171,1124.004234602634,1128.7460382253203,1128.1396410675559,1146.631487636467,1150.7147617563785,1149.4624985317091,1136.5928438409073,1124.2863228065162,1113.5395173384031,1117.8601000608787,1111.6598319661528,1105.125804812035,1102.3884630808616,1107.0502313080099,1119.335404472882,1128.9091862447824,1142.4937162957615,1151.385420858566,1151.873384369048,1145.480041921824,1138.5507051896464,1139.5597694405544,1137.1858436353662,1133.6448350131832,1135.3160775191564,1143.2487680706263,1145.3666367187377,1130.5134649244712,1103.5361879128186,1097.8702482769797,1102.8967554820024,1112.355384953003,1116.8482424813633,1123.7083257056463,1125.8504440695679,1129.5835585800678,1126.3670104976723,1128.1210768056128,1132.4016569693026,1142.185275387689,1161.7371484475896,1178.7087378496708,1212.1788624798512,1236.1453419577442,1257.9586255733518,1256.7594778146681,1266.060339777323,1271.6946620186561,1288.5489898176781,1301.5584421778858,1316.1041143139319,1318.802646197393,1319.5825448590954,1319.0947981577478,1326.837496359849,1325.6888974942171,1324.5035221428218,1302.5502202395496,1299.889565365989,1294.4673063260202,1309.7195728886645,1308.9234661776632,1314.1635229202127,1315.4144109669644,1327.9574026333303,1333.7435461436157,1341.095378457169,1345.29645029218,1344.5818198916122,1331.0894316196566,1316.8484082062264,1310.2179927434122,1309.9134047021291,1308.8243992015575,1311.474736235464,1321.1048570267228,1330.1662238943682,1337.6294407319315,1339.4643507236103,1341.5616094012817,1336.6793659224154,1333.166730147227,1323.029927032867,1317.658037476928,1318.0596864482193,1319.4712033174926,1320.8030819352016,1317.2123555627093,1327.502616731758,1336.0845950834916,1339.0278265180216,1325.266323600122,1312.9018838784095,1305.1025466143108,1303.170024344444,1307.2016009403567,1306.918437628353,1302.9390064218667,1300.0909835048292,1304.528638065495,1307.519543008917,1302.232371538268,1298.9790294151985,1298.2475485661425
77070,,,,,,,,,,,,,,,,,1084.9965405242515,1110.6141827687218,1102.2780852809494,1101.3136560028715,1081.5385431269083,1067.7351538290395,1041.6249684801162,1034.7938916068288,1024.1814234472804,1041.9714338546687,1062.6005368453805,1089.2519175016218,1098.5456253484472,1089.6319446545917,1073.5359636384123,1066.316979895504,1083.4255400722082,1095.7314157859828,1119.942461425088,1122.7815590086445,1125.8452571857317,1119.6991561795282,1124.9455425704039,1130.9037818060206,1136.751656658608,1137.6243271844028,1138.4316185788218,1138.4352498479684,1139.6792488165668,1140.751184823653,1138.5539068856108,1137.3250099748357,1144.2650626143252,1144.0800630686294,1150.734604343341,1151.9256604771501,1163.9371953083346,1168.03346852475,1174.6301220303624,1173.6681216895604,1170.852349780217,1158.7797241953645,1161.0260294251862,1166.7871386700638,1177.4668203961867,1191.392216465971,1197.8898269317024,1200.0360012158505,1194.0521089664583,1193.9493075226678,1195.2759399596039,1195.2939961014624,1193.7798033693603,1208.012433994068,1211.983999395826,1210.932981128139,1209.5539311476982,1217.4764357081613,1232.627290558179,1250.3854802892677,1266.008798247799,1286.742843440631,1309.1217852079585,1334.1766354203025,1353.1827248965253,1357.4648316034304,1355.8540635416425,1382.7981842328097,1392.69893859902,1395.255380054595,1381.8342667076565,1390.0373191952522,1412.1129647326395,1429.3182388146781,1437.7800607299566,1459.0597546401636,1462.036057787777,1454.6364957811554,1433.4652424359126,1421.4867733346482,1428.8676062905479,1446.5957606587278,1464.8283640683212,1465.3438443643336,1460.7592843854322,1467.8612769170707,1479.102570782986,1474.4336391285328,1451.203694851381,1426.6873937140601,1417.2880118314633,1415.8859399702922,1428.2562436443602,1443.6480479254549,1443.4709652531567,1447.3488019695649,1452.0002862092858,1475.564952713951,1477.7034178165482,1481.6968797424222,1471.9042772412104,1474.5829494212155,1461.4943906090039,1458.1791118344713,1457.9710290923874,1464.551551027218,1477.5837938142713,1485.528638774622,1484.8351475951374,1478.7731572550872,1470.0920036016978,1456.2118647529094,1448.519453336055,1455.81049000041,1482.0536305641256,1492.385652068589,1489.6129210333604,1482.4013861220135,1484.3290410821319,1485.7836594714947,1475.4417032308716,1472.109154637209,1469.8040591263323,1469.9230998827416
77072,,,,,,,,,,,,,,,,,,,,,,,,,,,,,,,,,,,,,,,,,,,,,,,,,,,,,,,,,,,,,,,,,,,,,,,,,,,,,,,,,,,,,,,,,,,,,1331.5056208874992,1309.5785509466677,1315.8477827645002,1326.0622846029862,1330.3422172444411,1330.5849660228291,1341.0531023222968,1352.3886283963009,1371.1055503951036,1373.807249268346,1375.1062278797076,1369.0062590469302,1369.3498562928705,1376.5027612691306,1383.6823303123526,1387.740001206531,1387.7375168476442,1394.7044098299941,1407.9758947726716,1405.8372773438982,1404.372460828881,1413.4898917998999,1413.377059584481,1416.735596665627,1407.337647379846,1420.944479310254,1416.1497298641013,1426.834390072757,1423.7675103782847,1426.7883203441797,1439.4992340013612,1444.571106538159,1461.8813605348366,1458.9949078442041,1459.738545687818,1452.0476860432425,1450.9899932278379,1442.5132208081795,1442.6606907491964,1442.4228693769603,1451.9448875198334,1456.405939373255,1442.2437898993583,1432.4298143887195,1413.887198755116,1419.0140304695915,1432.2946996825947,1433.9673202614379
77088,,,,,,,,,,,,,,,,,,,,,,,,,,,,,,,,,,,,,,,,,,,,,,,,,,,,,,,,,,,,,,,,,,,,,,,,,,,,,,,,,,,,,,,,,,,,,1579.6048550906066,1586.8192656138906,1584.3799060423264,1602.8811048261487,1597.7361871801052,1583.6947775740657,1601.111231092174,1602.2648142167566,1644.2953163981347,1623.8766935158421,1647.587748376985,1644.3671218642883,1663.061836687683,1665.778480437114,1666.16373193418,1682.9054798580075,1683.369553236838,1695.3788254570434,1709.8887555627623,1727.3375816070811,1715.3631980943815,1695.1785233461787,1676.3754760284392,1683.6933091306357,1692.3179929394555,1701.0223281541055,1750.3515951149013,1749.6052298817144,1760.1714441520596,1719.5889981703444,1730.2476928579142,1744.46238052801,1749.1405162794476,1734.0477799514367,1712.69502689629,1710.6174490385472,1734.3503498892146,1729.332261693458,1726.8750712094004,1733.9770893609852,1737.8129379310212,1730.5001085230365,1713.9996004899485,1741.7844159600147,1786.6370877257225,1811.177909526888,1771.3424033544884,1717.9919191919191
77040,,,,,,,,,,,,,,,,,,,,,,,,,,,,,,,,,,,,,,,,,,,,,,,,,,,1008.1217810323416,1012.3199138210603,1006.8895063616286,1009.2218777242143,1005.0892967491244,1013.6065878745303,1023.8258598140177,1030.6900349785296,1027.066794557375,1022.8635659285201,1029.1078980901777,1025.0506893862655,1034.41615862744,1021.3816604154231,1028.2121878857743,1022.5595028417771,1048.7698100738774,1062.1752802525057,1067.1780492155106,1059.693409257035,1057.4286422631612,1050.6460922239019,1056.6768551042767,1055.6377354277422,1058.3444659802453,1056.7337847571534,1074.636200457167,1097.2757228582514,1115.6616196636148,1118.7188289255812,1121.2314034970377,1109.7858904808318,1120.2487175347658,1147.7304192450376,1210.3539852580923,1229.2548435814408,1252.8385136834793,1254.2943067166254,1281.549423563152,1277.4567040653822,1264.789982058092,1270.4751841759303,1268.7482333287378,1276.0964383968685,1263.5258899578607,1259.0209791638383,1250.8196732310653,1242.887015071912,1252.1709990066222,1272.32926197194,1298.2251956258435,1313.140402174548,1310.8770538035083,1312.114552471593,1314.771969482316,1310.0642535964992,1314.1405937880133,1306.9537570104333,1304.9354163634555,1285.2899955460744,1281.4072757302213,1302.9148407866671,1317.5821333584258,1334.1988743643656,1327.6197422125435,1322.6469072835157,1313.2794252157498,1303.8477995053079,1308.9735596711282,1323.2865729095693,1329.5690380004976,1336.5780933730618,1327.432271701382,1340.2523594125432,1332.2757487334031,1329.7861606261886,1315.8279093368849,1317.824588743742,1316.9546530343623,1330.760464542107,1288.4723669092511,1298.9582073359034,1277.3752017900335,1300.7292147137757,1296.2719785468475,1300.40716436613,1328.1373432939013,1324.767186803164,1335.1537862472578,1330.0131578947369
77089,,,,,,,,,,,,,,,,,,,,,,,,,,,,,,,,,,,,,,,,,,,,,,,,,1175.302713800674,1180.9929261184363,1180.3969930002402,1183.870729542,1190.4958455693243,1193.999948512549,1205.1918573442294,1203.587061510121,1195.1626250560594,1188.7114683219374,1196.8811839161226,1199.1835588282795,1217.1021067041274,1235.7071942181844,1244.276886189957,1228.7647870952815,1221.2584542626428,1232.1708558994553,1247.8812328598528,1259.7571797317087,1262.3404271664383,1279.9224776898627,1275.6544102241153,1267.4227160638347,1259.8073071631743,1249.4297578790793,1240.6502176686754,1228.6751804476437,1250.144295930727,1289.4562685837998,1323.8513029510714,1324.5036195475193,1325.0637552055555,1332.4771209520627,1343.8308431604205,1350.7049673329818,1343.2590036917948,1367.5072087341468,1393.8218174285466,1409.6872265772272,1407.9243635983364,1413.4124038767839,1412.7262543493748,1431.2795012271383,1424.2453940453856,1441.2283453860148,1439.5274696804736,1442.438777626574,1439.2730046933093,1419.9096977811807,1428.1345480984978,1446.1485542902558,1484.2362275990863,1499.2281609783981,1497.6618343894486,1484.1467684197096,1468.1890979814275,1459.5825912866883,1456.054946989787,1471.3220520423836,1494.8499494531623,1511.3688543483372,1513.000344006795,1511.4726474760464,1518.469715672305,1515.6384134489756,1524.9857756353804,1537.5361267304004,1553.8879375209706,1550.798358116941,1542.043722404548,1547.2647529168976,1538.388094538367,1541.4542318714152,1541.7234532736145,1563.678577419833,1568.7292005954823,1565.2003782670142,1556.2670221541418,1557.3998620944924,1549.7044105192094,1547.4774438862207,1538.4962087128742,1551.590188907618,1556.5286486548118,1584.3582376533614,1590.5252933002764,1586.8560388946592,1565.7734241995515,1557.5877967560998,1558.4622000461477,1552.8248050682262
77080,,,,,,,,,,,,,,,,,,,,,,,,,,,,,,,,,,,,,,,,,,,,,,,,,,,,,,,,,,,,,,,,,,,,,,,,,,,,,,,,1035.870613733147,1044.7280810979496,1038.6328764920922,1051.204487525426,1070.753132252962,1091.0042146715393,1099.7382434167855,1105.105039206548,1122.7424628692636,1131.8266383604275,1141.1464401000126,1132.4041982176288,1152.132146905101,1163.6914384152697,1178.8672601311664,1172.2749193877812,1165.7631959655869,1160.4419298532068,1158.8624249007125,1163.3047078012858,1172.4169904296825,1175.4754848225464,1186.2575286935016,1176.8302148132707,1173.5673092492063,1162.9288486759642,1161.503187077603,1159.3978932350624,1158.0671822969393,1158.1935324566537,1162.912946221374,1169.7370859579446,1169.7059356364164,1176.2710468545422,1178.6909487871942,1201.3516554099613,1207.3042825358816,1216.6618429696105,1212.5780364151904,1201.5985753656114,1186.5256786848613,1180.5374899454214,1194.6454326097912,1205.2296618464156,1207.756402103867,1193.789444654761,1195.6054685501892,1193.7105542222912,1201.624671635894,1197.9716898173926,1197.504925256565,1195.3872790520295,1186.7809545581697,1182.9926651833598,1175.3107164872645,1186.5811030735995,1199.2350495834758,1198.7819416979464,1195.9715919272094,1176.0877368334714,1170.719806763285
77064,,,1091.296037907554,1089.7674244720877,1100.8223490398116,1103.2884986195395,,1111.4283955347476,1114.2599352898417,1102.887124412251,1103.5256464084478,1093.3046263887124,1105.8088793453344,1113.0729758881946,,1113.1134508336293,1111.4546005235911,1113.8373682861293,1122.65180988999,1121.7409025455017,1126.6695336970656,1141.337916531514,1141.756188176537,1125.4915320970276,1105.0925843719945,1113.3128705648894,1119.3733935090563,1120.605978934816,1119.0102989910763,1125.7219171131212,1126.2879537815934,1108.243520563459,1102.7465304129776,1119.8164471000775,1153.7992030813552,1183.3786309390134,1195.078927774657,1203.4286037675593,1198.2426978463136,1190.7905694532983,1190.6135441515414,1188.5913274456398,1191.5023762882936,1188.9757134815832,1191.892640102306,1180.7083206694192,1174.9274875838712,1158.3444744915964,1160.3859771357957,1160.6936974906337,1177.528997450082,1201.5549960671929,1214.5164219607034,1228.8553325104212,1220.8724904718813,1223.6365680845786,1213.7452061537663,1218.8999040924298,1228.5956644974817,1227.2536082884312,1236.5993316731142,1232.4481090892727,1229.4479812429554,1215.4743576873072,1222.2372027535182,1241.8569160383586,1256.238887611274,1235.6316118298193,1231.8627364400797,1223.125729029513,1282.969806130487,1293.4549830365913,1322.0418595383474,1288.6517767547193,1294.0343698600443,1312.0236483477206,1356.4072062194784,1407.2866395861238,1422.1331199868705,1433.0450012765298,1424.7831554047732,1439.0972438051674,1452.0111024952523,1475.9205386450922,1482.9053022018554,1494.0255358101244,1495.3218820302532,1525.6704685760985,1522.6665521643572,1539.649038248811,1527.386324238449,1542.9082351396369,1545.1217947348628,1550.4247053716676,1523.1875541270958,1516.3218907591374,1516.5191521805066,1531.1355316846395,1545.4457902841034,1544.1462990781188,1546.755230064316,1558.2597734080853,1565.0468048181438,1568.2712594193797,1550.7580161626768,1538.615321552895,1524.0556386263997,1531.473236198456,1527.7448283793444,1532.7361832608865,1535.0858848700725,1559.6879195674812,1597.6623833008991,1603.021889460807,1614.342242844921,1604.0366695590076,1594.7325567684795,1596.9532596221852,1570.0897108668921,1568.8875613880923,1533.2667640053505,1553.8200090694877,1570.27417950111,1596.7549167367438,1590.0860098534379,1567.1836620594343,1558.5742720608396,1561.796591480585,1573.9316515947355,1564.9805530428107,1537.182388178054,1517.2244952069714,1510.2039859894921,1522.8925113481894,1516.6704780739733,1545.5990524416147,1563.7647776433782,1592.111142676563,1579.626584745812,1552.6461894586894
77099,,,,,,,,,,,,,,,,,,,,,,,,,,,,,,,,,,,,,,,,,,,,,,,,,,,,,,,,,,,,,,,,,,,,,,,,,,,,,,,,,,,,,,,,,,,,,,,1012.8189742911627,981.3516346082595,985.7184094952003,980.2078799630519,1012.2135891473494,1027.578634059661,1055.160805583961,1056.581397664727,1069.1870552575178,1068.0255178666596,1079.5779498007653,1080.6056850225573,1078.0998637998905,1089.0421115495456,1094.1654570803382,1095.4781004244996,1093.106295130964,1091.4153439081404,1091.6003683626343,1093.3635624375088,1097.993829387336,1104.0890111889653,1107.7892746067278,1096.2156080767297,1101.4906534800507,1091.752296701292,1081.9100757817039,1078.5563687430854,1089.729511457363,1099.0804393520812,1106.2338509797753,1107.611883194382,1111.9995977713982,1090.0386366444015,1091.208330621362,1084.9085601985119,1093.8153347385,1087.5872195640598,1082.9134986439444,1073.39965022891,1074.6406442489076,1087.6137675087366,1091.0360909976355,1093.5605608161516,1096.011335105498,1096.3214285714287
77007,,,1713.9950714638674,1714.139512627369,1715.9588329118155,1703.192277490003,1711.3865810234608,1696.9499247436534,1708.6480418447181,1699.3997688193967,1726.509801021716,1720.9066472502857,1698.5915778909955,1677.1508975645215,1665.4657775621245,1673.3397643193891,1653.1436844148427,1647.3743277636634,1647.128179282623,1658.7381097402642,1647.5977244156213,1653.4790020905762,1632.0744712168864,1634.446949556292,1635.8586386892616,1655.7092125077318,1652.3719877861886,1628.7046954966793,1642.4250616588683,1657.0245872405997,1656.0102922281858,1639.2534796096065,1642.942202054178,1678.8125259654296,1684.4862637110175,1692.9055559793549,1686.0082152172415,1694.409993051525,1697.7633183113746,1710.394364207454,1717.4731866399666,1720.7757908466874,1703.6720204694243,1711.8086232841513,1701.8042977573266,1699.4192622673165,1687.501468881915,1699.3512809834594,1706.143372667514,1701.1440828548862,1697.7121430222096,1705.0186138064307,1722.1106911462057,1735.766722874771,1736.2953129347507,1737.7354304152839,1726.1803313725009,1726.1263531875472,1714.3312380505945,1724.8747553146925,1730.8430701727718,1738.015797526741,1730.043460896834,1697.863780824831,1683.3918832242177,1661.121377403961,1660.0858417520324,1650.1471316216728,1646.6762141705674,1657.744603188478,1666.143012890148,1660.853514864915,1655.560849735414,1637.4676176240348,1640.2002417613378,1646.1127580358448,1686.1667853834529,1737.0701749918455,1773.1504151760748,1793.551676971886,1796.0250385152235,1794.4529076546912,1780.5676065935513,1759.7604208838436,1760.2614987576628,1779.6233834882205,1814.8141564958414,1832.7822661410398,1849.3696651456512,1867.9660687144599,1892.0077387967135,1907.000392810665,1910.5042724731181,1901.2599186350851,1872.9393991067504,1860.895947231112,1863.182189517196,1878.3334619779382,1888.2230526817748,1882.0000847123229,1886.07214764334,1891.853415742076,1904.96340265506,1918.717615969787,1912.0691206025188,1901.6221592849377,1881.8800064076188,1880.2168211470744,1880.4038103126582,1879.8055962183987,1880.407745047443,1894.0516942885497,1909.2997621944114,1918.562494351317,1920.8146489039648,1932.9673236980173,1943.5275269430815,1941.2017930432417,1932.3442829953801,1914.7143761812974,1903.6565088196596,1894.0706596202447,1896.602434966526,1899.974595076444,1903.2313133542402,1902.3010684240194,1904.6393537863953,1908.284957646376,1905.3485839783677,1902.9305582096995,1889.843640654332,1889.755248422337,1883.6588271944977,1879.464079509314,1873.4285866849032,1878.1945996534535,1882.9551142542625,1889.3676836495924,1896.3983163140795,1906.8900344367137
77057,,,1182.1735300744683,1177.588726967562,1206.5346306132333,1195.6599509503437,1196.5936485877187,1197.0705686837366,1201.3513280323752,1190.309802318275,1187.2670810597313,1171.1460497555659,1171.3286553709543,1170.9342049145878,1195.6923082358142,1197.4208594048184,1195.8079418903014,1185.4890468859508,1180.6674043056416,1158.9007939348794,1137.7455629212063,1134.6391099235022,1149.2667195323213,1157.4156092529704,1163.4193813607785,1170.1367572418453,1166.967221495202,1165.4305275551549,1148.4424510031795,1154.221240844919,1150.2967533992378,1177.690522720197,1182.7019017991765,1199.9892179587926,,1264.036721473467,1267.4116655448652,1288.9383001104864,1238.129628932929,1257.9218800727201,1247.0520461823846,1236.608006042979,1253.5826134647489,1260.1295980968787,1264.458906079753,1299.7906002588913,1311.3978658036137,1319.3983848835398,1260.6604041968717,1257.8613564117372,1266.8458437944018,1279.7446705257373,1293.4452528844613,1297.2925153351732,1284.2749688601868,1275.5383778435173,1260.517497169715,1292.7549948804178,1289.7254514722647,1297.7174204530204,1282.0512207711224,1280.8066628414847,1273.0671899442666,1257.3803532542825,1258.3942718982964,1253.1392812415177,1252.4643364382075,1247.1629338592913,1251.150861517109,1261.2943776747563,1271.8647414153231,1275.502352103355,1252.045231601485,1235.0838579994086,1231.0084273789612,1259.150741636978,1281.4063283667917,1315.750455954608,1338.950579127822,1358.4753307540784,1359.583445752636,1344.6461634388584,1364.0451814057126,1378.5306248370416,1382.5836093814305,1376.9453962867776,1374.2808808969671,1411.80527162137,1427.621894580261,1434.9435308822335,1434.9998597070985,1432.5157681759651,1448.7279837881006,1442.7701657154141,1427.1731663561209,1424.7189530419648,1426.4726644209857,1451.2525055874714,1446.0644980463221,1452.6102455932626,1448.7904638405123,1448.0985122857492,1450.0140735839047,1445.1172599263907,1443.2686843567992,1423.7112878549183,1420.7551934784804,1417.6489095581935,1424.3709342042746,1428.6113656117122,1435.6493342573199,1446.7598435002299,1455.3496848681161,1455.4288925482028,1455.7082184414476,1451.7492742836516,1456.3180751747925,1443.2705052362383,1440.2091420732013,1441.9057035005578,1449.1483153256477,1456.5833453881144,1456.1760240174128,1464.1788662627196,1471.5929563358038,1466.761143983115,1454.7677771132314,1442.1645013998411,1434.368618671443,1432.7009853886361,1428.9339019109902,1415.4366626843948,1416.1718514299428,1405.9752554147683,1423.8982366812304,1429.388304078065,1444.0188179381162,1448.9313731879538,1449.21985707573,1443.7520035792095
77093,,,,,,,,,,,,,,,,,,,,,,,,,,,,,,,,,,,,,,,,,,,,,,,,,,,,,,,,,,,,,,,,,,,,,,,,,,,,,,,,,,,,,,,,,,,,,,,,,,,,,,,,,,,,,,,,,,,,,,,,,1206.438210076834,1221.7212804905464,1220.745958249228,1226.7925674320713,1247.4942281721078,1247.7219410045313,1218.2116149592923,1209.856128927595,1219.4752660739998,1228.426264539567,1242.89280383142,1245.0831710092834,1280.5639763704892,1278.030295593816,1271.181133562155,1231.4146465535564,1236.4096005769381,1233.0772003828229,1290.662897578848,1304.9722222222224
77081,,,,,,,,,,,,,,,,,,,,,,,,,,,,,,,,,,,,,,,,,,,,,,,,,,,,,,,,,,,,828.2172838002333,846.9354807810967,870.3676217247887,863.6996417586842,840.8041892599886,837.8676280151278,832.8033071056892,838.3655354203146,834.2094784989407,829.3496146875857,827.3466085297363,836.479613916616,838.7549547725935,844.2058290845272,835.080054391613,833.3441916137076,851.4108202462074,856.7941527770379,874.8075095834005,885.7452913728969,905.363660809552,,942.2659051090686,960.8861220926079,964.8847907223046,958.6958923912836,955.6632058804722,963.7811039941345,969.4183039573511,964.1409309116747,964.8803550545775,981.7636501477773,1004.070626133456,1019.3580488026613,1010.7120470185581,1011.3258212772937,1008.2660102323109,1008.1228529008805,1013.0650028197559,1013.2917904853291,1026.6333746258479,1031.1853098089684,1039.1259606971641,1028.5683579760025,1016.73792406124,1021.4406731695493,1027.274900403038,1037.0630302422044,1024.509183291344,1033.0772963222432,1035.0001108300078,1053.9178995541388,1040.7726655730419,1032.7201777965463,1010.7909964828198,1018.1215380751146,1025.9548808289176,1034.5149399696475,1018.0027363647368,1014.196260374318,1017.4902477091986,1042.3850973695273,1054.9175333666483,1055.6294069370404,1051.2883348407963,1031.4011524882542,1015.3463653077952,1000.6294859433469,1006.7939178047277,1018.0413073522915,1027.388780479357,1026.935782900182,1025.5999162760338,1029.0676348297015,1027.146876130013,1020.1833067967201,1016.4000011257345,1011.0461092514888,1006.0729258273454,988.0500525368258,970.4939223936418
77055,,,,,,,,,,,,,,,,,,,,,,,,,,,,,,,,,,,,,,,,,,,,,,,,,,,,,,,,,,,,,,,,,,,,,,,,,,,,,,,,,,,,1437.4624868753829,1439.2741304180124,1430.5518894748986,1435.6438084278423,1460.8804765858904,1479.7466695676785,1486.0018080607126,1482.077694507392,1468.7859646418863,1468.6116297598473,1454.7414073261277,1461.1326498982532,1466.3704955001847,1476.2200454623178,1475.031850858538,1475.8795907117305,1477.61722088038,1470.0114514041136,1475.2859985545008,1489.199777949708,1509.997345302781,1496.078561746197,1487.4776077874474,1489.6078912086714,1491.6439822269272,1493.868180319413,1501.5380046677983,1510.7261773358166,1511.3197660655246,1510.2282277689221,1515.3440197632854,1523.285988827778,1520.3571920490251,1512.6871765573317,1509.686513563858,1506.4731572737705,1511.616666288412,1498.742730156649,1490.4496914428228,1488.053474847424,1504.1127488650272,1526.2318925831312,1550.3763825703113,1569.4410820596736,1555.0554257023132,1548.9116658345895,1524.8988605835345,1516.8922386727158,1491.8260560519157,1487.1182391575694,1495.6758809583912,1505.163997384551,1495.4160012840073,1494.5207241676258,1493.7978681034367,1508.5202701864582,1511.3916179337232
77073,,,,,,,,,,,,,,,,,1310.2984008599542,1323.259535182178,1323.5739737833676,1316.2565193877722,1302.540978436775,1297.6109969608872,1301.9261345986497,1295.2247573016693,1294.4228473496455,1294.8364773701117,1310.7473976701524,1317.6461983170132,1330.8397488370185,1337.495600456449,1346.031280913577,1340.3319144277352,1342.682141815132,1342.7962617613753,1352.5725570957752,1351.9329935023798,1353.820801929443,1341.6016283002825,1336.5485410966235,1346.5942133979233,1364.6741349238482,1388.0109075319738,1386.7185681337912,1389.7446643546575,1383.8779867203436,1389.657330841926,1386.6045203591293,1377.320241051131,1368.6801965948018,1373.7675432118137,1382.9457877296998,1389.287546339477,1406.2106516730496,1415.0960846853359,1427.6608473699375,1416.5989649479889,1421.3539367549647,1430.7168762776107,1435.6448338946257,1429.1217106186627,1416.0856719764079,1410.241858480611,1412.2587839994198,1424.602791556632,1440.173413771349,1461.002643209902,1461.1157561477428,1479.4177410758286,1472.2564546042747,1485.0560056537502,1486.5197330301737,1503.185985065565,1511.201216193836,1520.3506457606354,1525.917332429824,1540.8809554434772,1558.9125119877654,1589.3332937905222,1613.9609245247377,1605.963199487528,1596.9765085057772,1576.9054888954192,1602.8552427487646,1618.0634900981918,1667.2189087022916,1669.0143052132585,1684.1012558049376,1665.443916827841,1680.9025225231892,1709.3898732561174,1732.4276774845343,1741.7012763036719,1722.3223636916146,1717.410074754097,1713.2305467327726,1708.436505166634,1707.810513550395,1693.5741273230826,1712.1897540709883,1726.6366696379364,1758.406541588785,1758.499631176179,1767.3456459726124,1756.0034164577278,1763.8071789553028,1752.3922876261072,1755.3268799191544,1745.3030849456966,1743.1292701486066,1748.5144353670933,1766.1808882812772,1789.909068315212,1788.321874246137,1791.4201892087585,1778.7251914491942,1799.2506410532662,1796.3530189279593,1806.954516976973,1801.2310933001118,1811.3124298228101,1811.4120705082723,1809.0595112006827,1814.7290265261097,1813.1203229739222,1826.5270655277634,1824.5980088504507,1836.6653683082056,1825.6884889045696,1813.3010606918226,1796.722930115231,1792.0306263836997,1781.632502303595,1794.1165732366414,1816.6311774992364,1830.7184230683536,1841.6116743375392,1835.0814054431346,1847.1448966198636,1836.8390536662953,1855.0086996336995
77060,,,,,,,,,,,,,,,,,,,,,,,,,,,,,,,,,,,,,,,,,,,,,,,,,,,,,,,,,,,,,,,,,,,,,,,,,,,,,,,,,,,,,,,,,,,,,,947.8398463021273,949.3831995494477,960.3115352873543,,979.8622964486864,965.7161516023992,962.7029476518364,981.6653649923002,1002.9088264756675,1027.1499755336326,1025.3567840066644,1012.5845797322579,1004.6036437831697,1008.7370433615433,1022.9701257051047,1022.1838287421664,1010.8801103489751,1006.0445578089881,994.088828502156,999.6649305312266,1009.0106504542978,1016.623017581193,999.0678784952458,999.6434504347102,989.9301867072786,1007.6052267917298,1022.1261443147155,1042.3768448582462,1044.7873552650879,1020.0373763139559,1007.6930133159618,997.8132046924155,995.2147111769417,1002.0352222819586,1000.7250281463117,1001.4074950527763,995.1929465263189,996.1771619884515,994.2699924424887,986.359122713132,990.9191229907877,982.0500191634927,992.3136131732703,1009.814381857589,1040.3008571488594,1051.411329898784,1032.3482142857144
77042,,,,,,,,,,,,,,,,,,1029.393557598305,1019.3343731331161,1023.2380596899405,1034.5429753798855,1015.9786000129141,988.1174996573451,967.6530841417524,981.3926437932926,989.5542775837615,1010.7577685656348,1000.560084964419,1014.376484460774,999.9707046547335,1009.4114404871615,998.0698146490925,999.9311949591837,1011.9749589029983,1012.8575842385031,1023.1177567959788,1008.4874101082836,1018.8837070725989,1017.8516673495501,1026.4404687339295,1017.6331500766142,1042.9487089885795,1047.3419742397882,1055.3746221031429,1033.9381415161536,1030.407942676398,1038.519029508079,1034.3249916819739,1028.1731264227153,1013.2591979180212,1006.8803162520447,1018.9894936683535,1031.967168420315,1051.1999134729906,1047.7073156097035,1054.7284695928306,1046.39206777655,1044.755420056599,1037.2095712513028,1035.0445158840732,1044.224077117586,1055.9266774907903,1060.161682960771,1056.1361306930867,1049.7815505917724,1051.4323257676053,1050.076479651302,1037.9305320901049,1037.9562797927786,1042.686649823879,1053.9065980822118,1048.3798412567312,1045.2675487210734,1041.2053604864554,1048.0592341159734,1054.5357609395403,1060.7704062834493,1073.6396709320209,1100.2431414712669,1144.5231255401804,1170.3732902686068,1187.091019480249,1151.0106958286774,1155.9118522798515,1154.8664030413318,1183.482119712935,1193.59076647742,1187.9263938398678,1200.8678603284404,1201.3284212693832,1225.1975584706731,1220.8916878937691,1209.639566886852,1200.536705068063,1201.6790437110933,1208.1378007776916,1205.431941109878,1217.099522743361,1226.5237133130538,1229.9266843255116,1222.8023737825426,1218.8873794558135,1220.5239520731404,1220.3245234723788,1225.0995669164909,1217.1546642487976,1220.3785054293096,1216.2085679494724,1231.0190328618626,1236.1488174681501,1240.3887533101315,1234.6347486162797,1229.1138949520755,1229.3473839931119,1246.6524020044124,1255.4924152515275,1267.3627113953592,1256.1354509894486,1248.0363082849997,1242.5913931781047,1245.1461570142753,1257.7317760662538,1262.7809288610665,1263.0439205289977,1256.6160552828096,1252.4444095163738,1251.2708464746804,1250.4631904946261,1246.0840707829382,1238.9572986136268,1227.3607345025255,1203.46902814653,1198.884064659009,1209.7551422192005,1230.0716329147256,1234.6293407470773,1229.408655019832,1237.0752323106738,1239.0301956728906,1242.1013501185914
77090,,,,,,,,,,,,,,,,,831.6350788737004,829.781650535949,838.3029568632506,841.3449694080133,836.7120608721651,841.3947806848073,847.1448784394902,846.75176527657,851.3577550667206,848.8097316195405,849.0186967594738,850.915985717824,855.098118340238,857.6595134189995,853.2418760650224,844.2720539303596,848.1343278603466,858.7921990022376,869.5666805210034,880.5733736599037,882.9147698967362,892.1616005768639,890.8571133505193,888.5426909438029,887.2886023885344,887.0854926262409,882.4333087248797,881.5575761089589,879.7624909691043,885.7925332790662,887.6433321247954,886.228340519634,897.9593743605848,899.1115360985252,904.9384637345819,899.7078298969637,893.9709978692939,896.3562184088929,901.8892660306459,915.2533772961527,924.9348128875212,929.9212809867959,932.0212313405738,938.0018456979406,930.6839022049891,922.6213205437685,911.8388806142882,908.730541759752,910.9683431008287,905.5829566028225,921.9159960065803,932.087255584277,949.3784431349507,948.7026194209341,946.1155395109396,943.8327502079356,947.3872610411743,955.4895607532036,966.577117191636,966.8723328456914,977.6202756292804,977.686975980723,991.6268888749773,995.68494075485,1017.7738980981268,1025.8023001064983,1036.6817438425217,1024.5007155182263,1035.8889835245877,1045.9492075241421,1069.5041045047824,1069.4032858071837,1071.414793985795,1064.5505299101796,1071.1734203305853,1073.37789198927,1077.1945473321532,1070.3042605305707,1069.6194083773482,1076.1327974729352,1082.8913186331972,1083.5002429546762,1091.5096664036744,1115.5587915031624,1137.7701627826218,1136.3275757325634,1121.9366276801109,1112.8610683926538,1117.7432127004215,1119.273118467103,1121.270577683025,1116.7517526691252,1128.0428568420346,1132.4046946724702,1140.3178502755782,1127.196079808298,1119.0415847666197,1107.7158291555318,1104.0153850687257,1100.8954591057425,1107.5199888934867,1089.2330114952454,1074.2592568048526,1038.715935584083,1059.975103541418,1093.4853566335098,1144.9390481970956,1139.0125488592282,1133.5464235024192,1127.419282538454,1147.5461246365985,1142.9932913661607,1125.6218509992937,1085.8702265629593,1047.9617927170918,1022.1119972063891,1028.086100698996,1022.6447986769401,1051.277376297495,1074.8381336786788,1111.4731653014303,1099.6065343835803,1085.8261435560767,1071.216096866097
77074,,,,,,,,,,,,,,,,,,,,,,,,,,,,,,,,,,,,,,,,,,,,,,,,,,,,,,,,,,,,,,,,,,,,,,,,,,,,,,,,,,,,,,,,,,,,,1002.2865285595707,1013.6690486716805,1018.9220241175914,1051.3050850309737,1056.3621473968776,1051.0831620093995,1049.379206956567,1055.5273426832043,1051.300505465315,1053.8802851655396,1064.0728450030956,1098.532906452192,1113.0114705147062,1123.3702552752045,1115.5193487241713,1105.2086468981972,1100.2624956166724,1106.575614733156,1114.0083524910278,1112.8625239543899,1114.206348724668,1130.5918477660698,1138.5338263888625,1144.2841073860657,1116.9810540483968,1122.7238575623276,1115.5481203377692,1134.7580526799165,1142.5073842091074,1147.6931480146259,1140.622856214753,1145.07914190318,1143.0476589345876,1167.3596585646255,1151.1919264109988,1166.100213559432,1151.6671693710973,1146.8200084385105,1142.878369998102,1134.1332020077698,1135.6142364783539,1135.225363187703,1148.654587429671,1153.444571434979,1147.8625484114132,1145.7839340747887,1140.976006257524,1139.1924603174602
77049,,,,,,,,,,,,,,,,,,,,,,,,,,,,,,,,,,,,,,,,,,,,,,,,,,,,,,,,,,,,,,,,,,,,,,,,,,,,,,,,,,,,,,,,,,,,,,,1348.915493679739,1364.1635306362657,1364.8673446063092,1342.2087003293186,1311.5749245004847,1310.4259717245934,1326.2436268317242,1344.4693976689,1365.9419436178646,1367.167074119478,1350.8924862232661,1350.3050030597822,1335.780545682477,1342.6018061478458,1327.339593516165,1343.8566293440956,1357.867851288286,1395.0042603197014,1409.588572917901,1417.4697890560003,1415.578523470298,1407.3934296198431,1412.0361772227386,1402.407041604012,1394.6290695466307,1373.4539343468919,1388.235895342187,1410.1765930649526,1441.6525361367583,1434.0577041358383,1435.0483093873968,1438.2467312812112,1446.441281639185,1460.7371753192353,1451.7531559402712,1419.9367635458098,1393.2506695234472,1414.5517661373137,1425.5115150016584,1428.5953531218859,1392.3840575921045,1410.5036863151288,1417.9392631720636,1426.9918748164462,1418.237755737091,1413.2250544662309
77063,,,,,,,,,,,,,,,,,,,1108.037235146597,1102.296275751207,1091.630939312292,1113.1559832439204,1110.7727958128091,1139.6559006549098,1150.4985072850798,1178.1409592784084,1174.306547321746,1155.3243585518655,1159.871496996767,1135.938040478194,1138.2900463552844,1114.1868767106134,1124.364938821301,1124.1884639780717,1124.996736767639,1109.7562545720864,1106.5327905536928,1108.6524145067424,1113.6868513129596,1113.6469834652016,1117.11266845884,1136.7020805615173,1147.1043663573093,1149.045111417427,1130.9237249284488,1122.3956403297932,1123.2990570850188,1128.9558960429795,1137.6471733046308,1129.9683900204982,1128.1087342837222,1124.4901502009623,1121.0636024677362,1120.1462531650998,1121.7761165795905,1133.798641943926,1144.1953470984529,1156.065467713301,1162.9914602474794,1165.0149406310504,1163.03673758972,1157.6902134181023,1153.0423023162148,1151.0533590703963,1145.9230847455926,1137.1398746154625,1129.7899890755557,1130.3860074283782,1136.9797763407112,1148.8395807282875,1170.7200375302814,1184.237776367722,1186.797226189855,1177.0166473535548,1180.7833457001518,1183.5861432323213,1190.9353392584758,1198.0524902563436,1202.1043937083057,1205.1725673614278,1221.9385899761535,1246.3732269491643,1275.426462878477,1284.2746742525749,1306.3184643207894,1316.5522510737383,1315.4537798449135,1298.5465302056996,1292.1508913784178,1303.6034641834035,1309.8974329883406,1312.9451997142294,1308.1962965979028,1310.6176911026355,1312.2321190855603,1321.908234858099,1337.4310584638413,1355.1074418108412,1358.8114056677455,1354.6845038915546,1346.7074335090276,1356.5311520141481,1351.9156953541528,1344.7091685471032,1324.4404957824038,1318.374349452808,1316.9406889932752,1327.7523656146268,1334.388628914562,1352.861417107665,1352.1103565890241,1361.2685784789699,1362.6137545273295,1365.933817055557,1358.65462823452,1340.750198368616,1340.21831881756,1343.956211240441,1352.312629303437,1347.8584708563342,1339.8970511192233,1342.57841690128,1355.7352046638932,1369.9015432690323,1375.0078668043793,1377.9048777049672,1357.6316062551703,1347.1541052393377,1318.6407139015826,1304.3880512526682,1285.3779322023456,1274.963050606279,1273.025764785894,1270.0301772594164,1275.776511261871,1300.4393116660863,1313.5661635461397,1313.8496725116377,1295.8221264458036,1285.2579989002272
77008,1539.8756939779164,1526.5973277493877,1510.7081443433635,1481.0216593069697,1496.604444804346,1539.5339145023615,1573.4144701341493,1551.7765217134518,1541.5988404774312,1525.3554673255846,1519.8916567182457,1529.8664368717737,1542.8776752484691,1537.9752363745333,1518.2195775013927,1518.0385526732261,1534.921074095857,1554.1686560383782,1555.6533470926186,1542.869088220268,1527.8132456421013,1518.8766057983523,1520.9505210660243,1498.2511684494177,1494.7516982904503,1497.8856617340086,1531.290518136466,1538.6027224156062,1546.4649161439881,1546.0475770439348,1544.378674581367,1544.631554729276,1556.8755551386741,1568.384703244465,1587.1597242599883,1582.0992000274205,1581.1756332332182,1571.7138085979598,1578.8406129684734,1591.7672920721702,1600.9166418626005,1615.1809177074026,1604.2853838551773,1595.7143140545038,1590.009125454945,1604.2064341975629,1614.5604725944036,1624.405849560106,1611.5837789814927,1612.2826559735831,1604.1847622761845,1615.9525298413732,1622.4724873799396,1617.3586515998206,1626.8571313529878,1629.6657484663688,1642.1977655755727,1610.9213385994867,1617.4917970936851,1622.994613355485,1665.2510104743287,1680.9852433119943,1686.9939395874526,1665.042664837007,1643.9706478200715,1646.2575092896366,1655.2523131423345,1664.9021259922863,1659.8969136356757,1651.8977340292706,1640.6635458541734,1645.5284102881292,1674.9902034717354,1728.9294091224324,1733.2131545354778,1746.7068957128981,1739.194328068694,1789.758457932767,1834.6510991303644,1845.844243603164,1856.0418268333194,1841.3425189174347,1847.6353179462292,1821.198114860765,1811.6413790636327,1815.700521770018,1842.9238736464824,1856.9641737490674,1858.9940918168668,1882.371676592839,1910.6109620392656,1935.311234456144,1890.2985530997587,1871.6291889878928,1838.7701566590397,1859.707331031092,1868.3414076975105,1887.189266080995,1889.8812172651071,1880.4412032666537,1894.9059147503199,1947.8796212970997,1957.0551055715396,1954.5651581156708,1902.8301969411882,1897.8415760025187,1891.080503485611,1899.4317145715327,1902.5955272290946,1926.4889968510747,1931.474816087046,1940.0602450188362,1940.2811578977817,1946.3538257237321,1940.0965584090766,1943.4840540661535,1938.8083975394468,1944.8680777886987,1928.4864671313578,1941.62526909209,1938.6712880339146,1937.8063641553592,1929.5262885759682,1947.2191535724453,1953.9999636959035,1955.783267584093,1949.845800992333,1955.792214420919,1950.5590414329329,1933.8614580435533,1927.1536025404666,1906.472401287656,1917.3299765901513,1923.0526205174062,1953.164996623165,1962.3540503239492,1968.3333557764026,1961.8249587330884,1957.5328991512176,1948.4326965305227
77024,,,,,,,,,,,,,,,,,1457.2473451598528,1475.270957306589,1481.2911831837232,1470.7665981907821,1453.3820876892742,1426.2381332350847,1441.6537896704156,1454.1852931295746,1481.7943204998562,1473.2656788193246,1458.9464966051462,1445.3507142960398,1447.33495495002,1439.0253902213894,1431.745954651806,1407.1624574657649,1437.0872312446847,1461.1055516398078,1486.052576942155,1471.2952367120877,1466.2388755688498,1466.5486948674425,1468.4040703214641,1461.2099858605736,1476.5120768206825,1477.8531232479427,1491.6736997310231,1469.2376420762862,1467.4147332845905,1452.315679699134,1473.22512948953,1468.3765978021263,1475.0781965548647,1462.5737054174397,1478.0340176918028,1474.8181305203743,1483.020432592126,1479.098786912431,1484.076963654854,1479.0396293102626,1480.3221641086257,1476.0884813806213,1490.259016880984,1489.819187376799,1490.603174524752,1498.1657946776013,1489.120450526119,1488.9572983834819,1457.6658090284782,1451.9430900419468,1451.8451657461042,1446.1065974358542,1432.429392329602,1415.8602376542526,1408.3276117336359,1421.247939768862,1427.1231019485692,1438.3657529853986,1453.072011203565,1476.4239907343174,1499.8027976587707,1519.8049696849416,1538.0588175060093,1553.9691869351277,1567.2799602070522,1587.9323142385877,1612.1546653607832,1626.11928614986,1616.675370749749,1598.150016157161,1585.0619586950029,1599.1635803365193,1620.680179096007,1640.8044106798627,1643.6136227004993,1644.3426799974616,1624.4426501535818,1627.403287063572,1640.720187866832,1663.0240552585008,1679.6402774753826,1677.8306596553723,1692.2686544038115,1697.7401876574213,1720.7689668152489,1735.8696447123523,1746.051440226202,1745.0070507388396,1708.2494228637088,1693.1198396945315,1696.4118972704614,1727.3599960371282,1718.5803372038608,1703.0594639948943,1675.316974115639,1690.7389097099706,1708.6627524238854,1745.6090209900863,1774.1072367209247,1784.9777720516834,1793.8721076486247,1773.4198390173267,1775.6141200488385,1743.561502668627,1722.4535279935496,1682.516794865954,1679.5983914009832,1681.4772062029153,1687.3963498291682,1685.3217307591835,1709.7110680761953,1746.1397325813757,1785.8389537355151,1797.6902521467573,1788.8285888266116,1750.0720559354997,1722.8479948226086,1729.7899792017363,1755.55358064763,1770.6593587913474,1775.1920942418612,1785.1240096707845,1791.6305675488627,1767.2111571925436
77075,,,,,,,,,,,,,,,,,,,,,,,,,,,,,,,,,,,,,,,,,,,,,,,,,,,,,,,,,,,,,,,,,,,,,,,,,,,,,,,,,,,,,,,,,,,,,1139.289376706071,1137.535684285865,1169.9523846244003,1195.3347995827135,1191.4671763918282,1194.543071071697,1187.3148318435292,1205.5838089368906,1211.8859548176492,1226.5932890740546,1225.0393166993927,1244.9203065131405,1244.2606493965063,1249.6070338885872,1249.9973791117036,1232.382666680404,1226.4760203966737,1212.0066091716733,1209.9651006750119,1205.6795166469385,1213.1402064059134,1230.5285182065893,1260.8092520874523,1275.7279687038013,1293.1303276963804,1276.9720039895888,1261.136282451886,1255.050194708168,1247.9882582017315,1248.762361890944,1247.5405818161182,1272.5211040731074,1280.1621342833912,1277.8843946511583,1266.2457877702493,1282.496924448596,1286.0527486188323,1285.2016374520424,1299.665680411447,1294.0029669108496,1292.7872950218941,1265.390663384809,1264.3691948395485,1257.6913737588197,1286.7372506668228,1281.9053088158878,1283.314095277329,1264.171387790953
77065,,,,,,,,,,,,,,,,,,,,,,,,,,,,,,,,,,,,,,,,,,,,,,,,,,,,,,,,,,,,,,,,,,,,,,,,,,,,,,,,,,,,,,,1259.0175632499186,1283.0834976008337,1313.024663709497,1325.3650553541313,1335.9886414955265,1338.7546011502334,1320.342579798558,1293.234239460138,1275.3871966944669,1276.4298396603162,1274.894032108223,1282.4666703485266,1290.2989152893724,1328.4436856631385,1328.4129266866175,1351.6905971516585,1360.982922284648,1366.1120905232888,1355.3546275970562,1329.496571496689,1334.1330505220133,1337.1967089869688,1329.7618582328578,1320.5869802565005,1311.8733406951928,1307.4909138935773,1305.6688018772463,1312.2144813496047,1324.0027441775965,1336.6415116298392,1330.783448985452,1318.731205364248,1306.0570394191475,1299.7002910910655,1306.3506903736845,1309.1944323117543,1328.1997674683919,1346.073254564632,1357.1677931691859,1352.7383330732837,1342.9730015983887,1342.5010678146793,1342.8205697826322,1336.9976225212083,1331.9177925220702,1333.6919396788644,1349.9813596135002,1350.5262723063015,1338.9914960911985,1320.3101106819195,1318.6739418215348,1313.1862617549402,1322.434934436872,1315.2287450744673
77066,,,,,,,,,,,,,,,,,,,,,,,,,,,,,,,,,,,,,,,,,,,,,,,,,,,,,,,,,,,,,,,,,,,,,,,,,,,948.4837795416686,948.5574430738451,943.1988148374103,956.3456213035182,982.8616976060634,1019.3858907414283,1046.0817579516363,1067.9781146453915,1070.7849159356354,1047.0695134256216,1053.3705063169907,1065.3166550802828,1106.499975255927,1117.8732316151418,1112.720888491117,1113.3359602293356,1109.6555792945103,1128.496442921035,1131.1700119869304,1111.7144083494807,1109.0899191658712,1098.7806148316906,1129.0996510058305,1118.950394474709,1142.1760254532317,1129.6845201328115,1144.037745248491,1147.2250658148866,1156.6002246982214,1170.3282503142561,1157.5505212546664,1153.101485794979,1139.7511008070944,1154.1629878240656,1165.8348963178553,1187.7043850177063,1192.9188942197623,1198.0257536087572,1205.037304890356,1202.1848246281816,1195.6654066762994,1191.605920820361,1200.4307331892398,1206.774839782148,1171.4959120403303,1158.277206794802,1147.4516589190541,1173.7736102206516,1201.917647221745,1233.851501742662,1251.4387737606337,1245.0799676814283,1244.9545111445223,1235.3970510796917,1216.20652254045,1199.8262707078056,1193.5621839542669,1181.7147516929454,1172.5357485609356,1151.9405175162838,1144.426874378888,1148.5431331652574,1154.4909991017992,1161.3438512030284,1164.6215524603797,1192.4891774891776
77004,,,1624.1759662894463,1640.1692365277388,1636.5849650331836,1640.7638266428817,1640.6588884263363,1652.2280459640522,1646.4574054463471,1645.1956745692291,1605.624105459873,1616.434866906598,1587.6516137406968,1621.6735203526487,1646.4710022324246,1679.2741550577427,1666.091128140076,1623.045969300488,1621.5042297893267,1613.5513706999834,1639.7544359494977,1613.7374955032524,1602.7229311916908,1582.3140914974579,1628.1112417122183,1655.1592311041784,1673.7845146066343,1657.1747842561062,1688.9025112022437,1701.5973756360352,1707.7105855519133,1648.8885329384689,1642.1526533593917,1635.6812227771045,1685.7747642643742,1688.3742897794443,1702.1020841447869,1703.4780694130295,1709.796214432725,1722.539945361383,1719.2416790268237,1716.9713200016456,1707.3422624087166,1699.167977124698,1706.2923267023994,1699.9775679205545,1711.4640347110774,1696.4615487885035,1699.2461793455284,1687.8483261744718,1698.2246329677712,1717.6559428064834,1729.0390126074888,1747.6328494641216,1747.453676940174,1744.3599478717874,1735.7949570976741,1722.7745230443556,1722.5046918028183,1723.8667909925362,1724.0126429947504,1717.776695628617,1735.8575521899952,1750.7334371249922,1757.4366984426554,1731.0172232094271,1728.4071864494003,1741.6006700447697,1744.657427476989,1733.6757023522675,1737.453881346902,1748.7352844931115,1740.5337027993412,1712.271821552134,1702.4405298213817,1729.8734603014589,1766.3994595816985,1815.9152490593317,1845.5676282725299,1867.925418818765,1897.1036501786275,1927.886463391206,1955.434652198505,1923.3796292836669,1897.9488024355926,1894.5990292779622,1907.5384867197436,1921.6859293265286,1957.1195814521545,1996.6741885569725,2033.0488042421887,2032.4450462740087,2031.4385681106203,2015.9969866892563,1985.8540368462193,1979.0483527319902,1976.6663401714463,2010.307105334234,2014.0692398574354,2025.930281940842,2028.6011692319585,2038.197941583168,2046.0303140883957,2023.0394123162362,2027.1476631417415,2020.1188031159538,2019.922881057601,1996.9283606195622,2004.2876394745456,2022.1041829067399,2030.4678491719485,2034.7107026550498,2054.1010956572113,2074.972968265053,2081.173923980739,2061.2071250024496,2047.0167402846866,2049.515544925122,2037.9096637663881,2052.067679710058,2061.91248447117,2085.9814686967284,2093.9013114314025,2091.9924980780474,2118.337708126512,2131.52638451941,2148.418677583285,2138.2660076055654,2122.057393384713,2113.5125461163357,2103.4791966183966,2103.9643385319687,2085.2501394553437,2081.987675554018,2078.4734041727165,2089.0529027123316,2104.0747932218924,2132.9434684429366,2154.1603612414424,2154.773973973974
77035,,,,,,,,,,,,,,,,,,,,,,,,,,,,,,,,,,,,,,,,,,,,,,,,,,,,,,,,,,,,,,,,,,,,,,,,,,,,,,958.7770471642151,984.634026775747,1008.3162157531699,1049.5003554439145,1046.0272348882243,1045.4058166136483,1042.3979267283808,1020.8436766285383,1037.39600721461,1042.7385682963068,1078.2625057427847,1076.3457565431227,1092.165198397622,1116.83624104635,1127.770682907388,1114.7791852997645,1108.2555535113486,1095.0064641434415,1103.9563431753468,1098.5887685130724,1116.3225132152447,1118.1565744593358,1133.2222508927305,1137.4398358722435,1128.9919639678956,1113.8775210174385,1118.066015158667,1129.7602477751018,1143.6860500379182,1144.273457270954,1138.0976463324878,1130.4228522841688,1140.2692467546096,1155.3725820556194,1173.6568552226886,1173.7768558010432,1164.3053585105622,1159.7312448339144,1157.5820791387537,1157.5013012102447,1157.5129337525852,1144.7162949555204,1152.9684030143333,1155.3515164080611,1169.9164450411454,1174.6871413772647,1171.7582485145988,1171.1410600928416,1171.2700308897706,1163.68345203584,1146.6197184549487,1152.9198256535444,1151.2994932347435,1176.1909570206155,1161.8847585337878,1177.7493704748226,1168.3225900293826,1174.0445962809401,1189.7579013982506,1200.5563099547314,1208.1543696901779,1183.0785039763148,1179.041359053743
77034,,,,,,,,,,,,,,,,,,,,,,,,,,,,,,,,,,,,,,,,,,,,,,,,,,,,,,,,,,,,,,,,,,,,,,,,,,,,,,,,,,,,,,,,,,,,983.5512008059254,960.3714808077691,926.0413290288311,914.1160101480402,925.2554872106148,934.4727544780714,989.0673893705441,1027.6458912165754,1060.940353381007,1036.1751618259855,1032.3374894063952,1044.6136274533856,1058.0286196936086,1057.7547765113707,1045.3318674340758,1030.425201916346,1014.8704989935982,1005.8273621274774,997.6725340498555,993.5328650198857,991.4238933105767,996.8721770979257,998.7066475491047,1000.1287328075286,1001.9183980304538,1016.7798333710242,1038.5799804944436,1035.9400172262192,1014.3153541486479,995.8169337996007,999.7651760602507,1017.3052589083444,1018.4943975909393,1013.2923523056907,976.1175323707389,986.5038697971112,982.1196530450841,1012.6021596258413,1000.1785639641688,998.0615486243344,987.1289394772642,986.5913055030026,996.8016159250082,1003.6745678317435,1005.8410496556442,1010.8287348353413,1009.0830524718623,1016.0784163758209,1007.8005291005289
77096,,,,,,,,,,,,,,,,,,,,,,,,,,,,,,,,,,,,,,,,,,,,,,,,,,,,,,,,,,,,,,,,,,,,,,,,,,,,,,,,,,,,,,,,,,,,,,,1243.4922603392522,1275.5526024078665,1243.1058179295133,1268.4437249980588,1301.8514955385945,1330.3336331089076,1327.8685592235397,1324.9432503989299,1333.5279040430285,1351.1308677843765,1374.5457317069654,1373.8689254125081,1377.3990710646135,1373.5840017595353,1375.0585553035664,1356.8628171148587,1323.2649477943896,1303.2999222458773,1303.8433120875998,1318.736704795825,1319.695777577888,1329.026584278587,1335.463613756977,1340.8161173602452,1341.907796715079,1330.5024608633028,1341.6373434089023,1339.1924103015551,1358.0519383928793,1365.1839407704722,1368.420750307131,1302.5639315494382,1294.007834105851,1296.915777953786,1354.2322796392111,1349.0781288206879,1344.6917052069707,1348.3366310879355,1355.1547258996602,1357.1854269550427,1362.4710965629206,1355.994346728215,1341.905132557829,1334.6204242433182,1333.492749020735,1320.9479578392622
77047,,,,,,,,,,,,,,,,,,,,,,,,,,,,,,,,,,,,,,,,,,,,,,,,,,,,,,,,,,,,,,,,,,,,,,,,,,,,,,,,,,,,,1766.1423238938155,1765.9823117149372,1752.1635636471271,1760.475025718753,1762.8861804746655,1780.9889327273563,1768.1230655857498,1798.6487179988612,1786.4262500286811,1782.5969442155724,1756.6807744799783,1769.1605647072158,1784.1899632387092,1790.2392726438775,1808.9552803611136,1819.7952112798623,1843.089467452324,1844.7331631851782,1869.1031598039608,1867.0757893703128,1853.3854045614978,1846.4946140024974,1841.0170409205714,1873.1475364394348,1856.8087988842456,1884.942173648492,1889.8198355153875,1911.3152112619387,1906.6546208422085,1902.3507323197427,1914.149429398483,1921.2420704545398,1911.7585401798772,1904.0906538119366,1919.3726795376083,1934.7518707555287,1942.6711186156172,1947.1146921168565,1941.4162354085915,1962.629145089846,1951.8804125365039,1954.9044003061745,1949.5549894214512,1955.4884790601986,1951.9388184837144,1939.4451922068547,1901.3384012179458,1893.500478354382,1905.7445797085097,1920.7943125873135,1938.6427028106393,1935.8899617490497,1957.7382029414136,1962.7470628883348,1945.8509355576437,1950.8468660968658
77079,,,,,,,,,,,,,,,,,1248.2743541352286,1268.7421588221666,1278.9551478803303,1272.7319949609507,1268.5376822692215,1268.2560456615074,1279.4915148862467,1323.2826644568609,1339.36555461803,1361.5677806598685,1339.1018099299945,1311.502456851628,1305.5015389334121,1287.7104806951484,1305.3744730381443,1277.4406022535563,1304.521596344957,1328.9618513612647,1397.9849423791925,1415.7184827681967,1431.0245439959142,1398.9263408030486,1391.5036684667596,1354.816517323865,1346.874710169273,1330.3124661623704,1345.814695923544,1340.1803248233223,1346.2002323256409,1346.0420006315462,1353.4555276799802,1343.2910219759176,1332.92333487535,1323.67173418107,1322.3315314135316,1331.8050562274643,1338.1434192587922,1361.1884523641872,1360.872187598987,1355.9841865828241,1344.1539252981297,1346.0583714619534,1339.8375885270902,1330.3906933984229,1345.460873833437,1346.2810903523903,1359.1557086367495,1347.084394955345,1335.2713763378295,1303.3884738164977,1290.9739808186862,1298.4536561826617,1312.721623047891,1303.9274806152,1301.318721527595,1294.3880675036185,1285.6187006252696,1284.7197109828167,1300.251239661624,1323.7851341655999,1344.20512755336,1373.1211053153165,1411.4031016386202,1440.7298683318977,1463.9244891302242,1473.8699117189515,1490.9842841829268,1501.710090424445,1505.566025273017,1513.4179856510557,1511.6604575462693,1512.8417278368759,1513.9273348153508,1520.8624121829496,1546.5000651111097,1557.3309330363243,1552.8589084099206,1541.5547624547578,1516.541846158261,1524.7756506879166,1528.1953367435358,1562.0229631875593,1578.0928401134543,1582.7619314137985,1603.005460228832,1587.0629905007956,1585.4474545537762,1577.234775366102,1589.8718575715563,1591.6961975040476,1576.9032642743443,1571.3041181914414,1567.5903487096286,1551.3779063778388,1535.111849047342,1539.1340623257383,1561.5035644322086,1586.565808029743,1609.4194539816667,1620.3009161006391,1630.0473731416562,1616.74693128111,1607.3017108294935,1595.004592031426,1579.439965592615,1564.1100051063179,1549.4419561052596,1574.1522676854797,1595.0952614442672,1613.0938591306692,1604.7059349211625,1603.048979409924,1602.6226998247917,1570.000904276772,1527.0072619739512,1482.413904230931,1490.3244427536977,1502.8527620876907,1535.4853726132283,1540.9315096015973,1558.741869119091,1568.3287502531505,1568.3712274507532,1551.3826143790848
77087,,,,,,,,,,,,,,,,,,,,,,,,,,,,,,,,,,,,,,,,,,,,,,,,,,,,,,,,,,,,,,,,,,,,,,,,,,,,,,,,,,,,,,,,,,,,,,,,,,,,,,1343.5117301282728,1365.148213853644,1376.5249036460573,1379.6289730152064,1372.857130652155,1377.2713649686627,1370.6906996594998,1370.6224447143427,1393.6269911440395,1396.8263723081502,1404.7518019214683,1407.0526255273364,1411.7940370920815,1418.8721896114434,1402.7131592994663,1406.4501861191784,1385.9833749366098,1440.3515282034164,1438.310564948082,1461.8839344707667,1432.5755195134504,1449.2322326210035,1433.327726314092,1416.6170631478649,1413.8950608959367,1430.3059198399073,1437.522730271432,1437.567869599952,1426.3608035512639,1409.001898362615,1401.6378338221382,1438.057065618229,1463.1296505086748,1448.861529095175,1433.838804928966,1467.3457695259883,1507.94290206319,1495.851872275519,1472.0833333333333
77092,,,,,,,,,,,,,,,,,,,,,,,,,,,,,,,,,,,,,,,,,,,,,,,,,,,,,,,,,,,,,,,,,,,,,,,,,,,,,1293.4669651162765,1263.4716059676882,1266.9698654544625,1276.5521146656959,1291.072329675234,1325.1321933694999,1353.2364933910994,1379.4435231413922,1403.3824078952348,1410.9732464178578,1444.4662675822613,1450.7847492408603,1467.4445818914057,1467.8271024963306,1451.8107316147887,1435.890480604526,1408.1509723717365,1401.3756174099822,1414.9927086937837,1429.0260524385972,1441.2064489031202,1447.8347189452993,1453.96522953423,1454.5258048159837,1449.2116013645377,1463.8121743167212,1468.9790997739346,1464.2608681988302,1450.8239270346999,1428.0734036637039,1433.3865597658134,1417.0750105245518,1435.709140191563,1421.645422294408,1430.6361282171658,1426.6516005370913,1445.2392091481354,1463.1020547972641,1476.899641754146,1469.1995769292307,1457.054329566391,1443.9019014327134,1465.2373956878198,1469.0018367657817,1472.6283062245159,1454.7070556306744,1483.105591603316,1490.0696779378816,1439.6851735234516,1400.2502774205302,1397.8106713932998,1423.9636815010665,1410.5667733301198,1411.3304219194804,1452.0528272806891,1469.6733162580058,1480.7091882544964,1458.0201794075624,1453.455575958699,1444.0401454944526,1446.348894842336,1446.2055737263545,1440.0410358473443,1435.11568627451
77009,,,,1210.2473227468172,1215.7185133740825,1228.8752556416275,1251.48469604329,1251.8623595559425,1256.0703838154996,1285.8572784648343,1296.9951578497037,1263.6611423724223,1230.836323447936,1217.329933776509,1249.7846395020204,1258.9885010240505,1283.2191546469646,1296.350423174178,1311.0839761821792,1319.0828143371027,1295.5794916603218,1291.5924200142908,1268.3991494095098,1236.0318028499064,1219.5831752505064,1237.742313888103,1276.1127967046798,1299.4799793308982,1295.8380180603756,1303.9697594180604,1303.064810018725,1316.5548349875583,1315.8270278742305,1331.7908801842013,1345.5267752740276,1358.7459477216216,1345.115927884562,1322.685953172631,1327.0305213832407,1341.2379897793858,1359.710772714148,1359.1730135206212,1361.1827388115971,1375.7965834953561,1394.3420727284486,1384.2365699664979,1378.0539335829471,1356.1579551608395,1387.3656752046516,1378.4235931260077,1393.6244321481852,1387.7417624475038,1387.2696471224015,1391.808427468293,1387.725000065732,1416.7107949240467,1424.8222933898978,1436.8280573330105,1437.9847428877963,1441.7425973703319,1448.1730504483498,1447.1794484668173,1461.6829068990191,1457.222197296883,1464.748058314593,1442.5838881722002,1449.7204024226733,1456.459269818676,1469.5146167363273,1474.456268732156,1477.5715870957806,1478.4415978393808,1477.970064183721,1469.962680714315,1495.2826006540315,1522.5014020864735,1562.9061526600178,1578.6532686020107,1581.9356780302867,1599.167350039538,1616.6601269817143,1642.3729281877197,1648.8840453027801,1629.2848658997757,1616.5594323009013,1612.0114224511435,1619.9921309798744,1645.2156250965616,1658.6894972117782,1669.5332375418852,1665.4272255285148,1661.095999897659,1697.5428748367478,1697.0783058607062,1696.4086986810064,1671.4630108610834,1686.9075855349217,1694.3617865054869,1709.127866686147,1700.5650743393073,1700.591096064581,1698.387426587653,1697.1722107925054,1690.308664091911,1690.8346999313305,1677.6257133007514,1671.5690684602926,1664.4875131205692,1687.0578352426073,1701.684271210091,1708.11739889641,1709.2015650845879,1720.5560484503626,1729.601864118453,1732.6030703543897,1738.807471359807,1744.2447853038982,1749.3813673678321,1753.6122070256654,1759.8100132693241,1755.173197791166,1741.6810501433336,1753.6828802506827,1769.5413373759914,1796.7986282453876,1791.3127762152192,1792.5274001950354,1768.29954691285,1755.502518583371,1759.714549566618,1771.6959491469759,1782.5087064832255,1771.948601509964,1766.0593298078713,1768.1177037703396,1766.571717708181,1781.8292047035025,1801.657582932521,1827.8766182507707,1831.4887271981963
77045,,,,,,,,,,,,,,,,,,,,,,,,,,,,,,,,,,,,,,,,,,,,,,,,,,,,,,,,,,,,,,,,,,,,,,,,,,,,,,,,,,,,,,,,,,,1371.2739613785534,1385.932800663656,1369.5428686869352,1413.9974244823582,1401.1165478956655,1423.9473167912229,1393.620057356383,1416.747812335786,1408.5261500700635,1421.0277692285997,1414.1355061944112,1447.3364584164901,1468.9697600999339,1488.5560424852854,1497.3687076068918,1493.9187748316813,1506.5451899992777,1489.9494967664257,1484.9866442331236,1483.0929039090736,1508.3006912117385,1550.8241490703895,1576.180073821075,1610.7347552676918,1602.9715741947914,1598.7770780836045,1572.0588159657684,1552.6478372312463,1550.4246844643967,1562.4269162892276,1573.6912848976217,1576.4223442680366,1577.8742338935351,1590.9448206871646,1587.4812071542071,1593.2822296953402,1591.337021858149,1577.7790279609549,1558.0258041463194,1557.7525464009918,1564.5436028554886,1569.1849889309312,1566.9757964525797,1559.0732275934838,1546.0076397863547,1538.2974335838019,1539.2732843525434,1567.4323531927414,1570.961119265218,1602.121978021978
77038,,,,,,,,,,,,,,,,,,,,,,,,,,,,,,,,,,,,,,,,,,,,,,,,,,,,,,,,,,,,,,,,,,,,,,,,,,,,,,,,,,,,,,,,,,,,,,,,,,,,,,,,,,,,,,,,,,,,,,,,,,,,,,,,,,,,,1872.2654779837424,1886.3214563731256,1886.4883686770272,1852.5140430041536,1819.1507125993905,1821.4989185583765,1839.4170314416435,1848.3333333333333
77053,,,,,,,,,,,,,,,,,,,,,,,,,,,,,,,,,,,,,,,,,,,,,,,,,,,,,,,,,,,,,,,,,,,,,,,,,,,,,,,,,,,,,,,,,,,1468.0916538014567,1482.221477670312,1517.7498938032263,1495.3014674171475,1514.544396095339,1512.686482493569,1501.0123687866526,1501.6392562738479,1530.8007899398503,1532.2562899909447,1538.3831465862804,1514.5453973074798,1525.5373231924757,1541.1857314420345,1526.077808260125,1526.1642898084178,1516.344475950675,1548.965080260185,1594.640714338603,1608.232592306251,1615.775155919815,1609.8282861107575,1590.2531425806394,1585.0688765780014,1603.4257672402175,1629.5229831407114,1643.0342583789165,1615.2353698909944,1621.209252419711,1626.099702626694,1652.4704124439386,1667.848195060637,1649.349589617592,1632.7871485501744,1641.0041457642048,1686.4942778924833,1731.6212203525329,1701.4996275542746,1696.02101852137,1655.5779600136866,1708.747536967142,1701.5468010754255,1705.1809162422746,1664.3824087915134,1664.4739577568787,1670.2038361743814,1683.1648242904544,1710.6743411414507,1710.6736159433588,1722.1833333333334
77041,,,1267.8459670296766,1287.9770544052783,1306.7663734026546,1311.7971500676772,1309.8389752414803,1306.3457064315999,1299.9351097909753,1279.7296227677914,1264.8899611615914,1257.4710935789892,1256.9919641278073,1267.3057109018919,1274.448951673747,1263.999386715126,1232.3172089926225,1206.6107191248213,1211.2879145441486,1212.543059829086,1192.306452524929,1169.8863404474953,1156.832557456009,1180.9930371374614,1200.3719186528797,1213.6552956109044,1224.279281311242,1220.8132225528323,1224.0184876709886,1209.6429441002997,1206.152285497986,1204.7000191312584,1218.1025249204793,1234.701820784692,1253.949906877946,1232.6329272800092,1237.4387102448145,1253.7865552253766,1274.6175778561676,1266.4289947834277,1256.4742836877592,1279.759537312975,1293.1524945570998,1297.7200230157248,1275.4996609259547,1277.742413473598,1253.205800279868,1259.4000782540857,1243.6046225120015,1254.5098769920478,1253.8974314881507,1279.8141161765393,1304.8379433060497,1322.2889288040778,1329.9326953442821,1332.7383209946224,1322.4115451246778,1310.4752716947753,1280.1421715179354,1278.0669812522867,1288.7613025517087,1309.6713820383811,1313.462919712939,1284.142789703112,1280.2616135164185,1283.8474747387695,1313.1304639745338,1324.954172396354,1334.3604803241135,1355.7645578547874,1354.93307115043,1350.1230421285106,1338.601938927452,1343.8331761622223,1356.481840730454,1369.2784801074943,1401.963710398775,1439.9989577945298,1486.1726901295863,1522.0377959068646,1542.7398226295509,1540.5350831702665,1538.9604001899443,1553.2907860486403,1566.4749013411863,1576.9058864916246,1582.5298721606516,1610.1003852222173,1613.0414226058908,1616.7923500149818,1605.6141185369756,1618.4665749679082,1615.479716595005,1604.7739816637813,1593.7727824705144,1600.472036863686,1605.0200574995595,1603.7143391448133,1609.9906824212642,1617.4848120825432,1646.3533979660992,1656.7342127234533,1667.1789304636811,1689.6370378317008,1692.0387697350322,1711.0774153739194,1699.0874387865972,1696.37111839485,1674.9432526525384,1668.3315357571157,1661.136862218204,1671.3240947405845,1670.2404837107508,1684.942062443405,1689.9671275373842,1695.7308167904998,1695.3717797633622,1690.9961362601393,1689.766813609466,1699.7343761569764,1706.8869215728068,1712.924473075539,1708.4633937010008,1713.9062889391193,1711.0950066734154,1703.5059265534724,1695.9936937390764,1703.9152447676724,1714.4406626691493,1711.421366258923,1709.517408055998,1716.3655955656095,1725.3888389465715,1724.78872063748,1710.7458238928698,1704.3526135900263,1705.6961208344228,1717.5614702724574,1722.6444297963224,1702.4200775070342
77016,,,,,,,,,,,,,,,,,,,,,,,,,,,,,,,,,,,,,,,,,,,,,,,,,,,,,,,,,,,,,,,,,,,,,,,,,,,,,,,,,,,,,,,,,,,,,,,,,,1579.6971799469918,1580.3417992916404,1571.7235139596055,1567.3067346475793,1586.3720654238123,1589.8168890419688,1597.42299151987,1563.8205489830095,1550.8105129474557,1546.4535469339023,1560.4849879400233,1593.0539571883598,1611.089181864198,1659.7010650916418,1634.2193076206786,1620.560308680307,1598.4342198504407,1632.9177832123135,1633.8926231232927,1642.2969336703586,1630.8133955769026,1645.2457295510997,1650.3410598658431,1659.3331878463068,1647.4262360695234,1634.2134311477746,1630.1531011726604,1640.9172858908237,1662.2395223786853,1681.5983899543212,1706.5414500314462,1727.887587736798,1711.568730733605,1682.0005121688994,1651.7893875414088,1633.9319735115125,1629.5352247413011,1643.757820744556,1673.4645349393993,1714.3948855834758,1711.0466847534167,1685.7204574485856,1676.8690476190477
77076,,,,,,,,,,,,,,,,,,,,,,,,,,,,,,,,,,,,,,,,,,,,,,,,,,,,,,,,,,,,,,,,,,,,,,,,,,,,,,,,,,,,,,,,,,,,,,,,,,,,,,,,,,,,,,,,,,,,,,,,,,,,,,,,,,,,,,,,,,1815.6652906617073,1796.265857899277,1754.0
77091,,,,,,,,,,,,,,,,,,,,,,,,,,,,,,,,,,,,,,,,,,,,,,,,,,,,,,,,,,,,,,,,,,,,,,,,,,,,,,,,,,,,,,,,,,,,,,,,,,,,,,,,,,,,,,,,,1622.908760783265,1625.1210650647158,1622.5998532162303,1621.3777461303969,1618.101197211627,1632.909787917049,1646.5395034576036,1660.3433892978642,1655.6091214636026,1635.5511578760295,1629.1703012028245,1640.8478373385,1648.7465068637027,1672.3098943105035,1688.4897920423628,1673.954959424618,1631.2477462000193,1632.3122223479272,1660.6187714923467,1700.5279616500723,1689.3389150165622,1675.1224044269534,1661.0492505620455,1666.0492453430613,1687.3614542133591,1712.1838597915855,1724.806136977634,1730.7853535353536
77018,,,,,,,,,,,,,,,,,,,,,,,,,,,,,,,,,,,,,,,,,,,,,,,,,,,,,,,,,,,,,,,,,,,,,,,,,,,,,,,,,,,,,,,,,,,,,1836.886503328961,1835.2459723409484,1871.5264766678608,1894.3611012419178,1891.9021274428173,1886.6211349592384,1895.9920556534082,1906.580267234831,1917.2944031649392,1934.722726250461,1977.9659399258333,1978.6119177059434,1990.0411248687108,1972.2718125085823,1957.993820179447,1947.0317320578672,1947.2127574387864,1962.2065303495249,1969.2332649278403,1980.0463215240575,1996.9893618450462,1992.2131694617121,1984.424613110248,1982.1025836371807,1997.2008983193284,2006.7196877634283,2003.5394744003472,2016.2238228185465,2032.5549224034594,2054.5938103536737,2040.8640660069602,2029.1161872525422,2023.0187501722128,2025.3743367957666,2037.7544961338103,2022.0812160556432,2041.736139661562,2042.2609141688415,2057.298977724954,2034.4713635289088,2036.417272465582,2041.7679763170809,2051.32191571415,2045.4363468633505,2064.95565828177,2089.8639956866664,2110.629206528852,2088.3720531890917
77017,,,,,,,,,,,,,,,,,,,,,,,,,,,,,,,,,,,,,,,,,,,,,,,,,,,,,,,,,,,,,,,,,,,,,,,,,,,,,,,,,,,,,,,,,,,,,,,,,,,,,,,,,,,,,,,1316.217597648962,1296.987863475037,1304.883879558466,1350.718689528969,1360.1951812077903,1370.6044978316957,1345.7356694251826,1354.1364149348706,1364.1914566317719,1363.3893894822847,1360.8992334615161,1366.6256712046536,1368.8293895296229,1381.255822010885,1376.7675615365451,1368.7668681987,1381.2479391895881,1386.873875247441,1398.786009884891,1398.595556262143,1393.7349633152605,1399.4114041864996,1372.571051587699,1388.2114761242653,1386.4030483296444,1405.61740129588,1398.580047280214,1408.0327115193809,1400.6954119829006,1394.6136363636363
77033,,,,,,,,,,,,,,,,,,,,,,,,,,,,,,,,,,,,,,,,,,,,,,,,,,,,,,,,,,,,,,,,,,,,,,,,,,,,,,,,,,,,,,,,,,1462.8650958094759,1490.9070197818899,1520.6174603343018,,1484.1512192666105,1455.9055118429746,1459.0965029156246,1515.3393124677987,1536.980127621307,1538.6777412519934,1527.3427610937506,1519.4806526818468,1529.8196507019616,1548.4709066453788,1582.1507053985135,1581.2035672770337,1582.7651492914292,1554.0997492259935,1571.9878615667806,1575.9755346438646,1593.0417468458197,1579.153797049571,1582.5815918580954,1598.0537745821873,1643.0452132247535,1649.3238109430788,1670.9616487623387,1668.1232527680922,1667.4887830275222,1653.265752758387,1657.1555191521193,1650.7197884772165,1642.7615164668605,1623.223203873819,1645.62607169381,1670.927099821253,1682.4641448466496,1697.4876826626444,1722.4305203357683,1733.3858082101353,1718.8383936456278,1696.5324844958466,1691.2232666667667,1679.9328856285952,1682.9820679546258,1711.1763839261312,1725.298876159544,1750.8484560625407,1727.7685872127786,1746.8677684627385,1688.6666666666667
77067,,,,,,,,,,,,,,,,,,,,,,,,,,,,,,,,,,,,,,,,,,,,,,,,,,,,,,,,,,,,,,,,,,,,,,,,,,,,,,,,,,,,,,,,,,,,,,,,,,,,,,,,,,,,,,,,,,,,,,,,,,,,,,,,,1814.5278900109272,1797.8236713677802,1781.3479618074202,1755.1519271928464,1715.1479821658384,1727.115057424937,1755.8624693156469,1787.4667178496377,1790.8426638164583,,1779.5492103006295,1786.6931216931216
77086,,,,,,,,,,,,,,,,,,,,,,,,,,,,,,,,,,,,,,,,,,,,,,,,,,,,,,,,,,,,,,,,,,,,,,,,,,,,,,,,,,,,,,,,,,,,,,,,,,,,,,,,,,,,,,1332.8511472457528,1319.8218923363163,1331.902661145662,1355.710742322713,1373.4462768396497,1355.3696691583834,1358.783076639176,1355.203354179412,1358.7191237700583,1338.6897067036195,1352.2537198659181,1354.384835592105,1362.3233875119233,1357.692999885184,1343.6871986629872,1336.9161141300672,1327.0685497273976,1329.904268552922,1343.1867412859579,1353.790442098473,1367.373458203413,1343.393514620305,1344.4678857640454,1350.801660908584,1353.4482646873362,1335.3795153885408,1335.6794280152328,1340.634850493198,1346.6801991789812,1338.3902362860106,1341.047619047619
77025,,,,,,,,,,,,,,,,,1139.8754139330915,1129.8334904794333,1126.9503687350314,1127.585973266085,1116.7442361557892,1102.5086897246806,1084.217681584474,1086.6338096432705,1093.5554560675112,1110.6726223154778,1129.4046428625695,1129.468636757377,1143.0688251404797,1143.4356421939056,1134.2911527222973,1133.132462965499,1133.736823190353,1155.0507075948658,1164.5713345971806,1170.5596574832794,1164.9619583102967,1159.6506642135196,1158.9502456573953,1172.8935802880803,1179.3343091930421,1182.5210939731915,1173.4713110142263,1165.5426604406193,1152.1957531853388,1143.90098555492,1157.5559873097106,1170.9030768853922,1176.7322490247072,1159.9018912963113,1157.4469097128256,1172.0959953712074,1183.3754912564434,1189.7424769105048,1188.48651218945,1197.4232252846334,1179.6100874493393,1180.8247469706405,1155.8136309904726,1167.5671620772346,1167.899794835386,1191.0694344258889,1193.9220624693507,1183.0161442280792,1170.9295938298512,1172.371237652551,1172.1075971995535,1166.7711651657992,1158.8036056546464,1156.4733044567502,1152.272051891044,1150.9319157880495,1152.9271908430505,1155.37481552171,1182.782047192571,1218.5612258860278,1260.8875303069556,1280.2444157648506,1296.4446287282008,1326.1836094202076,1333.8027023068364,1341.76412228034,1339.0359741684174,1334.1656769966885,1340.2994937393614,1334.8870774924235,1349.4832975955587,1362.1635642244178,1378.7779837613691,1396.888836882943,1400.203408815842,1406.56080777361,1419.4798650584728,1414.902415724191,1398.1012528288607,1387.4559791722293,1381.4744245798547,1375.0192396903878,1355.7877596804374,1353.3328396709858,1386.7796300486243,1415.0186140710287,1427.4459559624222,1425.8118353565387,1422.093696593039,1433.549124361775,1427.0006227440688,1416.8957927033484,1406.185681481336,1391.3290400956894,1379.5202576108215,1371.1831760773202,1385.875389164848,1400.3307134565819,1417.8950049386851,1422.7929482691063,1421.8389591908344,1400.4262777604094,1404.4393964287053,1412.0245207865833,1443.4027907422953,1441.3633121954722,1459.468085031454,1462.7566208278233,1465.79749953506,1455.4952815650047,1457.7597591596268,1462.6175777745477,1474.8072228742942,1464.1988199661403,1458.4539974384047,1449.2547333349946,1431.4665810829367,1415.7808228749898,1405.4134627620338,1411.4717346178638,1422.207770830469,1433.9490529580203,1442.8265469921942,1447.84375
77020,,,,,,,,,,,,,,,,,,,,,,,,,,,,,,,,,,,,,,,,,,,,,,,,,,,,,,,,,,,,,,,,,,,,,,,,,,,,,,,,,,,,,,,,,,,,,,,1639.4137238790645,1630.0072978330345,1683.8828192967003,,1692.2692949500745,1625.4883738709088,1632.417059144088,1624.2463011301588,1649.7203271749504,1634.6631440136534,1657.2568634760446,1696.3503629940712,1745.6497503771743,,1767.0799445800599,1740.5373540303326,1751.0396613023156,1759.905148952102,1752.7962944762749,1776.1187654221494,1763.0124431215236,1799.4548693824502,1753.134176945848,1796.3535909563495,1775.5566446998907,1779.2098117105375,1759.6943591424545,1751.444731608008,1783.665495387895,1773.7813898744296,1764.47719271669,1761.3230771887393,1778.05818556242,1752.3450127348608,1741.071688061975,1757.9102684781174,1826.1060535803988,1858.853188897701,1859.4724288856146,1848.8990380463517,1872.9553647558084,1868.174421266632,1867.564137438134,1840.9620568374671,1879.082096750777,1881.1322843822843
77043,,,,,,,,,,,,,,,,,,,,,,,,,1223.231017971224,1236.6576029182716,1246.4231658016602,1247.287957093803,1249.5563047216845,1225.2658073732975,1242.0299014432824,1280.3785332661234,1357.250335914734,1385.6704458895204,1370.5570552957481,1321.5126454301278,1298.4750775207908,1313.4412582841983,1317.457191628049,1328.7374589057226,1317.8397242474682,1328.3328506946962,1332.4985554912364,1329.1149156262743,1333.8116302255662,1339.6789017000544,1343.062882906864,1334.9322405126177,1334.3507300527124,1360.8902213133542,1381.1761610529118,1375.8406244576506,1366.8739159066834,1365.1788963923723,1374.136291791154,1389.6560187683367,1395.2364716866036,1390.2933607949858,1378.7567706102645,1376.5767897083495,1368.4412174312772,1380.9901533223801,1388.6985380829158,1402.583167562135,1380.6177891581167,1366.2101558393401,1357.9509304989747,1352.4273553794126,1340.590598096313,1346.8056549008377,1345.5342362365814,1348.5427663511591,1323.4507934081348,1312.1663240567868,1308.0363044073583,1340.3863959631062,1378.0059319466407,1409.8929996071888,1433.8061564623713,1458.1924090119237,1473.054761802456,1469.5349956878017,1521.4839184890182,1550.7990186932664,1589.5622840382384,1556.4963223040565,1527.4578780910917,1533.113018819005,1555.9871261622761,1612.9673924027406,1634.4335681269563,1624.5881804321455,1643.8638447949395,1627.8008925690654,1607.353030951914,1588.5379094595626,1576.3044120276613,1605.2845586180931,1601.3421972782849,1627.541942736061,1644.5119725501045,1658.9397018660543,1649.342553142551,1637.6317052342865,1618.1404718104234,1611.1191244473728,1594.522716279854,1597.3052420687234,1596.6303629886609,1611.8899574039945,1618.660526349361,1646.9143543465748,1652.021181708755,1650.5724026347077,1626.026078627984,1634.588868087264,1644.273647409967,1660.7494606038058,1651.9580342934892,1648.3251160675372,1651.7616498247824,1659.2872665310329,1668.2276158353275,1668.9787253654977,1666.3570440644642,1660.8874762972935,1675.1994674909922,1683.6321830167046,1693.7907910288773,1673.3725731692257,1655.6544727766486,1647.2413003768183,1646.6855416078547,1643.6387282586595,1652.773328433494,1654.9873601483446,1655.4914019794576,1639.2538545985565,1637.8826079156795,1649.293135993136
77005,,,,,,,,,,,,,,,,,1600.8778553619197,1612.5589863224477,1596.5688228742588,1585.7824915750016,1564.2200052430164,1566.3380291730427,1548.2927272630457,1538.514080247158,1549.3691520648058,1559.6693878954245,1562.274593671114,1563.4464165134814,1583.6553779197077,1615.378137607278,1571.1846336969932,1559.8124049501153,1595.7545337051538,1644.3363755195016,1681.9222206527902,1695.2129096485905,1690.1767497259934,1685.7930046237682,1648.7784091216745,1681.8355984301816,1683.8700627037513,1677.5062725773564,1656.5095823608679,1651.687254374039,1667.0884265614109,1638.7785181217582,1642.5018719338575,1621.3956962116465,1666.118511458048,1672.335372703315,1693.0460977528996,1680.5365348938728,1704.9400119174682,1704.3140035623105,1723.6354933736711,1695.471967864331,1704.5632000907676,1715.1900704327957,1743.4649087704674,1752.2098155927533,1756.797895464928,1731.5542983466194,1750.5111995272757,1725.9566614827265,1723.080452126761,1722.9902902270842,1714.8590036407193,1681.4437734264607,1621.8192369443643,1607.460799900133,1627.1715531086707,1654.0593071634069,1680.6454761153377,1692.2708193621443,1721.4931486840726,1757.3233037183306,1815.2263200343496,1822.542164058884,1813.690139258212,1825.760849044233,1855.2586292941996,1868.4264275277967,1800.303519285628,1798.9736556885632,1878.8164761776347,1958.9628174972968,1986.189548834035,1965.7267319480409,2015.0100654649689,2022.2759497259547,2019.0959781513047,1979.9265959015884,1931.2500277610393,1928.1594891829036,1900.9917025782995,1950.0939082850648,1950.1099971392287,1993.415706520414,2008.1951088208684,2031.506016102582,2062.4150464256786,2093.4103403750737,2097.2000317061425,2065.0452472753154,1996.3643522204418,1969.541918766152,1968.170997508382,1990.4129560208567,2016.7973068046288,2047.1147456812253,2076.2392238661137,2091.2543323666405,2096.628167691536,2115.1283378939133,2119.041494599638,2125.807716932887,2095.368982183065,2072.934652743401,2037.1155775946715,2025.687280419261,2024.6029563899185,2023.0090447194386,2018.9887354470336,2019.881706293552,2064.6785975866665,2136.81401876255,2188.770162394913,2201.6646151702266,2135.1257134799293,2111.3917555592957,2084.0355715454957,2115.653070148227,2120.613703243113,2126.322972801236,2117.2507605335886,2100.107712956544,2128.683480745954,2167.130857297497,2222.317218623722,2244.0537037037034
77022,,,,,,,,,,,,,,,,,,,,,,,,,,,,,,,,,,,,,,,,,,,,,,,,,,,,,,,,,,,,,,,,,,,,,,,,,,,,,,,,,,,,,,,,,,,,,,,,,,,,,,,,,,,,,1404.2244586944432,1408.3225943099699,1426.3562384674933,1407.8775120978462,1421.8540707296593,1430.948690138673,1423.440883200022,1410.3630305602271,1413.8399914679912,1438.3148729746933,1449.3581471798082,1436.4423586572223,1429.1012596998232,1425.3903614501717,1431.340759363431,1434.9696830607772,1429.761756009707,1438.7603456256288,1442.4042925158833,1458.1268984639719,1481.2069659741026,1492.8439766816712,1503.7101757352668,1493.2405111235455,1497.5563232334232,1470.3467419640085,1478.537591836182,1490.8576038674369,1505.1554901611835,1500.4148122737295,1498.9074437674078,1511.388888888889
77021,,,,,,,,,,,,,,,,,,,,,,,,,,,,,,,,,,,,,,,,,,,,,,,,,,,,,,,,,,,,,,,,,,,,,,,,,,,,,,,,,,,,,,,,1535.0845048449514,1580.9386468772825,1627.10321109887,1634.0644673891034,1627.6860874831964,1625.155565630449,1689.7764721841313,1677.334908979323,1678.5214198794501,1606.641180062372,1607.387200273583,1609.9952476015471,1633.3469264111127,1654.6541803491784,1667.9839860829093,1664.6262509677172,1659.332253878911,1658.2066274492947,1683.8298486299989,1696.391587024773,1715.3132981516874,1696.7018207715341,1711.3474012140603,1711.9291659094417,1716.2844664945135,1692.3805978017726,1686.865217442698,1696.016093881807,1709.1852315512297,1714.4262449930463,1710.0788511666,1722.6810781215345,1737.5819956515936,1747.7948088307285,1734.3035305524434,1742.8724740101488,1743.1813369399622,1748.580638219096,1726.341972200083,1715.2708609570336,1718.4618118735075,1713.36013500702,1735.0971946218858,1760.8389032248758,1774.51967862813,1801.6333077404224,1774.3128982761275,1779.3683402013428,1760.4720260485012,1790.7404374289097,1813.8258381761389,1821.324794488312,1817.6231481481482
77054,,,,,,,,,,,,,,,,,1132.314088102617,1116.5263052787313,1112.6962055565866,1111.9259436801842,1110.3340937880034,1101.7159313924021,1096.6860848590386,1087.3970943283334,1077.3989791405666,1080.240666281557,1079.7390145583324,1078.3850756744328,1079.3853347412125,1075.1828118427895,1082.9579605349543,1072.3435442952682,1091.830146925999,1105.3345879968906,1118.452089515881,1108.8184231268565,1092.2262675102177,1101.0833475457587,1118.1524676744816,1135.6293416814206,1144.0162720224619,1149.4866817381476,1152.07759872152,1150.3886029601201,1134.0370743944081,1135.2763297339932,1125.4767567742601,1126.2735047970489,1115.4016535792714,1114.109781407006,1115.5843995513724,1119.0849989240394,1126.682167498964,1132.588902990081,1149.1256752174356,1162.7602307367108,1172.5695087177478,1166.9966686625112,1158.9136863119545,1157.1409936572904,1161.5037420319352,1167.192740812334,1167.986394939674,1153.5600821844089,1137.763831659824,1123.8357081411018,1127.797618065844,1121.8627018608395,1121.6651075391148,1115.326330276384,1135.0136967353988,1138.0905169646894,1139.4602227050618,1142.552781799652,1159.678728949329,1181.1271345085243,1191.34573264792,1199.642454511321,1225.0083730754102,1244.455232158538,1261.8316049497741,1259.176804577993,1256.527258204677,1256.8133594653013,1262.594860718076,1273.7402558251763,1283.3344661075173,1294.2056239308913,1304.6772120719652,1334.5238443630624,1364.8332856680775,1392.1361345218234,1385.5475878940308,1357.82323541077,1320.7531628577988,1308.5797426192128,1314.0035763813705,1332.972446799301,1343.859224408328,1356.628842298124,1344.606668333359,1333.8459152699677,1318.1515508090574,1319.0161731927828,1317.1865319983328,1335.0279201360026,1348.4017447048193,1351.2711712131522,1341.9396981168072,1347.1751586919077,1367.44738664818,1376.1211525614106,1377.0573081813607,1374.9479077595452,1378.228552666129,1379.5011187318555,1364.6701225752292,1344.7957590823805,1320.3797929143275,1329.2369444845642,1344.5698049312348,1366.2716588746678,1359.3035969111097,1361.7802833989902,1361.9527046023081,1358.9354930474042,1352.9117104024376,1359.7116225563273,1358.311610235055,1356.3514901050257,1338.3337771927756,1344.6257019364514,1338.2355014344116,1328.9191543363793,1323.4795277865796,1318.5269423426612,1319.066319061108,1312.7549156753496,1312.441238117173,1326.054957568668
77061,,,,,,,,,,,,,,,,,,,,,,,,,,,,,,,,,,,,,,,,,,,,,,,,,,,,,,,,,,,,,,,,,,,,,,,,,,,,,,,,,,,,,,,,,,,,,,,,,,,,,,,,,,,,,,1003.1612981039344,1031.3376975522983,1047.5924106531315,1059.881837252806,1052.647010061534,1043.4578172245142,1039.4236325573818,1057.4180320491866,1080.6472271300413,1066.5795212255757,1073.065841237838,1068.2646355627503,1065.0355353108853,1079.9125917168699,1084.5382046206753,1095.677551782644,1057.639952443242,1059.3548874108133,1053.2051565669121,1073.7939713713681,1074.9574690602558,1086.401692608155,1100.9203148238614,1068.567603718965,1093.9027761943316,1088.1855537011668,1112.5975254123125,1060.041706323997,1050.9674953489339,1022.662019778965,1024.8095238095239
77071,,,,,,,,,,,,,,,,,,,,,,,,,,,,,,,,,,,,,,,,,,,,,,,,,,,,,,,,,,,,,,,,,,,,,,,,,,,,,,,,,,,,,,,1531.7625532965856,1551.232748723592,1603.161962760525,1613.2955660953864,1643.3142737724047,1606.2111201192447,1680.922464832998,1690.499553357762,1699.8109156798712,1631.1781463247867,1635.8627143033864,1646.5728651047257,1643.8380711457517,1664.8780548505815,1673.4228497835588,1694.171985557742,1684.312533355404,1724.584410823581,1744.7115661993448,1763.4346445699389,1741.2480241252163,1711.9328106892197,1697.1949026468985,1697.8852769722473,1734.3537850704192,1732.711746942159,1742.9224228870776,1741.6424796421077,1767.7786497920922,1766.5205486989164,1814.7394773647604,1810.2173059132867,1815.645822540025,1778.991361202233,1820.6548620511878,1779.6962175597382,1812.0747954417745,1777.778525772277,1864.8368814625894,1838.0687648197186,1842.4783900540199,1817.879055023451,1788.3975395286518,1870.5568615843856,1861.8968934060156,1904.987486036548,1816.6800992556052,1812.223275164206,1798.5936876617232,1778.5735281330851,1783.6684293582084,1829.3191880160539,1893.586027945061,1913.5
77062,,,,,,,,,,,,,,,,,,,,,,,,,,,,,,,,,,,,,,,,,,,,,,,,,,,,,,,,,,,,,,,,,,,,,,,,,,,,,,,,,,,,,,,,,,,,1764.7883616965441,1710.1217913315497,1716.0813416073343,1685.8455150421107,1684.6825600477346,1669.3604164796798,1676.8250330964754,1704.7400860545577,1720.5854035093157,1717.4311675945587,1735.163003867962,1734.650912011695,1759.8716552954609,1739.744716250787,1742.9488661319085,1726.8676295475307,1739.1750242187159,1734.7684776621159,1740.4303355466768,1735.2961604701356,1739.585775206599,1744.005245678481,1774.5348614205018,1771.9582472329307,1761.4623211311161,1783.60043382872,1833.4542482198917,1877.0040506134064,1852.8041753177888,1831.9288531977847,1823.9333666433927,1818.630182197251,1826.671078471919,1817.0131378250028,1839.961690857841,1814.875829170518,1821.1756690483567,1806.556710203983,1825.1403633593345,1812.24145813741,1823.499889037022,1831.4695647062808,1867.9320237475758,1872.3005753556624,1871.5438044741056,1851.4289520267869,1849.5441771194194,1831.3603208111629,1827.6205387205384
77023,,,,,,,,,,,,,,,,,,,,,,,,,,,,,,,,,,,,,,,,,,,,,,,,,,,,,,,,,,,,,,,,,,,,,,,,,,,1043.666250220689,1034.4207534464904,1034.0458549978118,1096.440362435837,1112.3967383759773,1131.251621364749,1129.9411875092026,1128.3292985120013,1157.4580485964407,,1179.298667416524,1153.6302868386392,1156.9416376922989,1151.3492165600524,1152.6581747694086,1170.9901216424605,1172.820343381436,1201.558607909123,1204.9605266759606,1225.3992389145917,1216.017410413864,1212.5566880247252,1210.5873365822492,1213.7185993985677,1230.7298010271004,1271.0500642936252,1294.4177215349953,1305.2860822580299,1280.6338093067247,1282.8600413101624,1283.1276192046696,1277.863337418979,1253.31553724407,1241.5653875746086,1237.7573883058983,1258.0617714889215,1271.5814857926598,1277.6924620764764,1283.4893212265597,1284.014904593752,1295.9591998981468,1296.0141861843078,1319.3734031465801,1296.0000224506678,1298.883910267954,1294.838850881069,1310.7485063542485,1326.944502788687,1316.768551384577,1353.5065834401214,1346.9604229159388,1359.617915410076,1350.2247366614924,1357.0983914312465,1356.7958855559202,1370.9272009044255,1363.7954422728185,1371.7604815647614,1367.987942789153,1358.9241789164034,1358.2981207044702,1339.3939514902072,1337.0947174020096,1352.0685170748661,1371.8739304920812,1389.3492063492065
77019,,,,,,,,,,,,,,,,,1699.3654506188,1716.159332431248,1720.0997355649017,1707.7768504017706,1718.0140756974167,1705.2165155202963,1691.0172307872888,1666.9269326058488,1648.4514880284692,1641.9133143869626,1670.363241496668,1683.8596163055538,1692.1741434177816,1680.7339146484296,1694.4826854924893,1703.0164421161646,1702.7450414252144,1702.9195588385094,1684.9005504423585,1681.4966098764407,1695.3004540971638,1743.2689623275737,1755.8388775900949,1773.9215706977993,1797.5088463063992,1827.1504698212236,1825.0741879723407,1814.5545226873328,1836.774465455219,1825.13104782881,1807.4763337345248,1752.9020649055547,1764.469340010248,1764.7582218171224,1799.4472947470556,1796.9755911099176,1806.3122726045906,1810.1177811143848,1813.4229248203565,1809.7583747408032,1781.1961794900064,1791.9586078436614,1781.16171821705,1795.9754677612061,1780.5662807885085,1796.0584938934678,1810.9224741889898,1809.448974253624,1809.1838859618297,1789.283481752531,1774.7778801335176,1795.0514940703133,1773.8517911045335,1744.1879787279736,1674.007514964717,1665.6861182404584,1666.7723649228124,1662.9835163796336,1683.9895803717368,1712.4308171618613,1784.6966049505456,1831.4760919447763,1874.5344854030861,1885.2114311455284,1888.7004029177895,1903.1249709842498,1894.770332732192,1901.1530250860583,1902.990383100047,1937.769280582647,1951.7096843026256,1965.3385434900536,1960.4755944079775,1957.7675963034148,1974.1005879721474,1977.5310190276407,1977.5611713255655,1959.9855479190862,1960.5614637633983,1986.4647174503236,2000.8801458852677,2001.0665169484057,2023.7949601470955,2032.7087740805598,2059.7504821248644,2041.5873950473806,2041.7378163895023,2020.5646735986654,2001.2731020583938,1984.8277964444894,1966.900646045308,1959.2664332942786,1957.3731357507072,1952.779730515605,1968.730353727823,1989.682018832178,2029.2245847307634,2046.017374696999,2071.1548193362373,2078.9813273926643,2082.861904943891,2062.659300272529,2047.104995391991,2043.7663951627512,2047.3147526628334,2056.8379988155916,2036.4489628941392,2041.2378450631309,2049.4556842338593,2088.727149247608,2099.293647202399,2116.0381290504797,2098.853048007028,2090.5897940197674,2082.045114708568,2096.508896717471,2087.4027495031014,2029.1841766921898,2005.5649333891547,2001.0644990765934,2056.1836578692223,2075.1600086709027,2096.256133379069,2112.659544159544
77006,,1400.64218066063,1420.1181409560465,1417.5398685113503,1417.2962619907285,1402.367130480005,1388.5832381069022,1398.0749997370704,1411.3671065135834,1421.3407389038757,1411.20502291484,1411.5637122883832,1406.3013217444486,1389.2205815906862,1400.1316361667095,1403.2914752976715,1407.2586306323144,1386.081536193337,1379.7346989003163,1373.2510168765796,1376.207870651471,1390.3378363345387,1393.0667924069144,1376.9064516675912,1362.4480244665378,1369.5668722973262,1379.6946751976654,1373.510323481146,1380.0782545166694,1385.2986406068221,1385.3657384936512,1393.5389163298796,1387.326639058237,1392.4309652454247,1374.67000305401,1388.8270598234571,1389.992712460735,1398.7350225834136,1395.6159233646574,1406.5374854219056,1421.4132568918462,1434.227894403126,1437.3726292665842,1446.5712100212797,1442.902327464113,1452.7068241986829,1437.9052979872824,1434.7913279541808,1432.5733079547947,1448.3998884838707,1457.547892476643,1447.6793191215081,1447.2056531835835,1459.7404502795284,1475.138766201913,1480.3585279993897,1466.277642391436,1455.8055460349383,1451.6424350375423,1467.7177572494213,1473.8496127253768,1480.9059941095513,1497.4885502218021,1490.2430319874193,1465.3834135077007,1422.674404887953,1421.942369737973,1414.3973133451977,1410.7733299752647,1399.7252054900714,1396.9460179528246,1366.1168459226183,1371.034263052921,1370.187289606626,1407.6375437605097,1431.3405630472419,1457.8571781390629,1488.9918820931275,1511.1892684629547,1542.9903194060278,1553.6027061993716,1551.9302219818874,1543.3442589414262,1543.9711591437324,1547.230669238546,1577.4092102419336,1588.5083202663002,1604.618626257525,1608.0067998232335,1623.6062896071553,1629.085942852739,1637.1661759145916,1624.4889795833283,1613.0903503066036,1600.2850195488209,1602.632095744663,1617.893257376403,1621.611570879574,1634.9015490206023,1631.464519646457,1640.376393189308,1642.1153830241738,1654.4410509025156,1650.2318513613732,1658.9525529203033,1638.5532507619187,1633.7142937339145,1627.9197288948674,1630.2267334618011,1625.3245032324435,1606.8210466210273,1619.1818434722268,1638.7624618335533,1662.041757957624,1663.5152333637275,1658.3699919562812,1640.50175954967,1629.784968126661,1617.8557945380933,1629.3122607343987,1644.0650834910728,1650.8135599750058,1646.6764327257852,1640.4145140830387,1649.2674430150412,1662.903839544398,1668.9305275653765,1670.1852225122923,1659.5665431019395,1645.285516326548,1634.247212973088,1635.8546428129068,1649.6126547862252,1627.5636806334728,1624.3416000155792,1626.5767550737146,1664.400774690287,1677.4384685528353,1685.8228198266988,1679.1140911072364
77027,,,,,,,,,,,,,,,,,,,,,,,,,1501.3996256623002,1535.7538858664943,1510.6716080880853,1522.577369436939,1519.7080649856478,1523.7714271820448,1503.3877727459803,1487.2978681536422,1504.2450192742094,1539.4027299687825,1572.041708059285,1580.3737295765166,1570.0434007348565,1585.2114201803852,1581.82605421166,1592.528732144106,1581.3562907288413,1579.2962252558132,1566.7580066891635,1552.0210157635502,1543.7030314352335,1545.9725269659998,1560.6204391584772,1554.343072675631,1565.1001268064701,1562.5223015740426,1581.5061151359876,1561.5881045015547,1551.6189022978153,1552.0292323737074,1573.4372736674013,1578.3714807327005,1582.3619146378128,1583.974665274992,1596.1578277927595,1591.0296570090181,1599.9487967476484,1594.9837580794265,1609.6522393854252,1584.5250244182846,1556.3735071791675,1520.482243874025,1509.1607559526046,1505.824979657964,1489.5595352340847,1465.956197179411,1453.0990125877893,1456.8895052281787,1505.170955228098,1516.5788162377617,1538.8232167878675,1528.1133625451587,1568.4600984270035,1610.1444444059825,1654.3786615205772,1684.6010417468044,1692.5968329836694,1676.814535353669,1669.3532839659724,1667.2358872977118,1675.6191916607863,1690.1437862143785,1696.8644277165665,1708.578223580709,1723.5298654546032,1743.9273212049093,1758.32307865398,1770.3194184096865,1774.2809922677675,1759.948095128822,1744.475087623171,1745.7484974193121,1748.6683636313016,1751.5657489586467,1747.233016538921,1740.2610149394648,1742.6600998269655,1738.561205988837,1754.4618558502852,1752.2604593593262,1742.1138100120982,1726.3903337744925,1713.689329373991,1713.396639803653,1713.705095742367,1716.935431626759,1714.9463160026282,1728.5206145781344,1739.8192499225984,1759.9440665580948,1766.3049312917456,1770.4808466768418,1769.4390658265525,1774.465273089122,1770.5430272386513,1763.6514562548332,1757.1965921842332,1757.388837708029,1765.354000529542,1768.171060068536,1766.4877716904052,1761.6703099997997,1762.585365028905,1767.8917865418894,1763.2357212838547,1757.1109435136966,1736.583256341346,1734.5839643231575,1732.896493613052,1742.7450432373557,1744.5965827033515,1740.0307334663787,1737.4254236861002,1754.3258297162229,1791.2418220512636,1820.5199262366739
77056,,,,,,,,,,,,,,,,,,1448.7844037089378,1470.732728987447,1452.355689282966,1458.7113701544904,1458.138753703291,1451.7604686226246,1441.900248432326,1432.802763251799,1429.3824016263284,1437.0774831910692,1430.7626922598695,1427.347064874675,1414.752603163536,1413.0027127482174,1404.8772880622032,1433.0117788623504,1470.256388845101,1510.8138917857239,1526.5370342993,1523.6503038579472,1519.7222099121539,1515.4045723267686,1512.1377200118193,1510.2037052049855,1487.9323880934421,1488.771689184519,1486.028790206837,1493.8722728431753,1492.9403755143976,1490.9446357259053,1498.1747734895187,1498.841937591109,1497.0940350106837,1501.1838552419943,1499.3762100807032,1503.6849452998845,1509.0921686351169,1512.6368593900681,1509.5629600308064,1497.9626371931338,1501.4049942637917,1506.287256378989,1520.137655332282,1523.2198206830171,1527.691571344322,1518.8300860144946,1511.1825815306183,1501.2254878374845,1488.856647029332,1490.884224693294,1480.9922845373055,1474.1389354441924,1454.339812649814,1445.3535599004676,1430.7038594309197,1427.8043747322026,1428.4739751450015,1431.1699606088637,1438.5492600492646,1460.7558336089699,1497.304336929904,1529.7026381503194,1555.9199176235788,1579.649423356174,1595.3030426160228,1600.4460508312036,1602.8169988215916,1605.0698900410187,1606.102439189245,1608.1269875967273,1617.5561989607265,1632.2525065541154,1636.5442309030254,1648.8027508016,1650.5923981611497,1650.464799138789,1634.735128115104,1621.9476597440414,1634.5408925008242,1635.2230194175327,1646.3345728457577,1645.4267596010823,1655.758816534543,1666.9120109059716,1670.5068493703275,1671.3722461265093,1664.7362813274015,1661.706469803553,1666.0901509918756,1652.0274370078987,1647.8786435807367,1636.9422693910783,1645.9957676883046,1640.7645448992512,1654.4250618285728,1666.8815543552962,1683.048654089108,1687.5206382771157,1684.4857860883037,1674.2061905317075,1660.48921100839,1653.4474724258137,1661.4760355350477,1679.4491188922557,1686.2079666784846,1686.6500148238515,1674.182996736563,1678.8852877091792,1659.9169663902453,1659.3432702270718,1650.7036274717948,1659.6540165466022,1650.8719944819393,1638.4857437180328,1628.7815989132453,1626.8808018616237,1644.864561116727,1660.4464308592476,1676.9390651042336,1677.5531268602786,1664.9156966101464,1659.493987529871,1663.2487570035275
77048,,,,,,,,,,,,,,,,,,,,,,,,,,,,,,,,,,,,,,,,,,,,,,,,,,,,,,,,,,,,,,,,,,,,,,,,,,,,,,,,,,,,,,,,,,,,,,,,,,,,,,,,,,,,1773.9397817300871,1782.5533557226563,1809.182608604886,1767.1489761393864,1730.5746148365781,1722.286605136164,1744.3397872904377,1777.454612501845,1785.0267505443994,1779.5760312556133,1787.1594745515538,1789.1511394327454,1808.6826917234207,1819.9352124201753,1837.2352850846128,1830.385668722996,1817.2320631148011,1815.7568816773846,1829.5159910376328,1869.7737482993011,1884.2380038409751,1888.791590248676,1859.5117478800294,1842.7513194961261,1837.587864844147,1845.0977674483856,1857.3022128960656,1861.9999344517573,1836.412493080461,1831.614381085069,1814.3929335758864,1832.4173594852869,1826.6694444444445
77026,,,,,,,,,,,,,,,,,,,,,,,,,,,,,,,,,,,,,,,,,,,,,,,,,,,,,,,,,,,,,,,,,,,,,,,,,,,,,,,,,,,,,,,,,,,,,,,,,,,1428.4084976872591,1428.8541812509368,1390.705937480429,1394.7508576691732,1428.4834827966943,1438.6253824125674,1461.068732586326,1471.35051890278,1483.861948659162,1473.1066642724065,1463.1286781504903,1445.3882276123172,1446.9047533479095,1454.4112923435864,1488.8520194134796,1496.9365092050684,1465.304705042048,1459.8289614126527,1442.4290077916514,1463.5994680941967,1432.7648380240075,1450.0203454007428,1427.422095156337,1433.5476740053527,1446.628502359815,1483.674276614462,1493.423881174421,1485.9813299527561,1495.175377171946,1525.8054577351822,1509.4858641360788,1497.76254935066,1472.9483383958627,1467.6553958368709,1448.3242959556344,1451.2843167363437,1485.9337973614208,1509.4462683005172,1499.8242144297708,1478.6333362998287,1479.0515689603196,1509.1944444444443
77069,,,,,,,,,,,,,,,,,,,,,,,,,,,,,,,,,,,,,,,,,,,,,,,,,,,,,,,,,,,,,,,,,,,,,,,1037.4393382995097,1042.2960402221277,1033.2867634889133,1046.2409261426008,1064.3816018842049,1080.3787879548152,1090.4983728550726,1116.0147011216434,1136.5640997999433,1177.3975431691183,1208.5747428049394,1218.816354961142,1198.3859890741826,1172.2710852085727,1167.9977227099043,1195.696080742322,1225.6106871264237,1264.239283531531,1284.987707293144,1296.6042149010352,1267.9622843596478,1237.2982451202731,1205.1231181936791,1226.2901131265855,1220.6594719445768,1219.1948213298806,1202.612010686077,1190.7965871214055,1198.6884904842457,1187.115515796054,1195.476610017341,1197.5920884469792,1204.898152254207,1215.698835781707,1230.7578337769166,1230.8559241338867,1229.5411375563692,1211.4401971240943,1207.7459029689546,1195.6442104105429,1186.3098031648528,1172.4372338303324,1185.3459886512458,1198.4798281869444,1211.0873797199877,1211.6220833805664,1215.526441636388,1220.063739238684,1206.775680654046,1187.4738714478349,1174.1338695585437,1180.4328399365777,1178.5890943373633,1191.9932563623527,1180.6604465878995,1190.3545888652914,1184.0525331361434,1181.5688616566201,1173.8183162543173,1143.9441611069456,1145.998550132062,1166.1550510781478,1204.0468310672682,1204.8737329199162,1202.4065956291618,1194.1640025795439,1198.8281526112687,1172.7005318973768,1174.2871092531486,1169.4248387096775
77028,,,,,,,,,,,,,,,,,,,,,,,,,,,,,,,,,,,,,,,,,,,,,,,,,,,,,,,,,,,,,,,,,,,,,,,,,,,,,,,,,,,,,,,,,,,,,,,,,,,,,,,,,,,,,,,,,1558.8728732162365,1575.5585945239857,1573.9992645740615,1562.8091930579308,1532.5717570923227,1557.6429787303096,1560.7466902838264,1588.2637902440124,1584.567879956775,1610.8500290578413,1603.2273975081239,1583.2394229232223,1574.5383132976597,1586.2558881195791,1622.629233993336,1612.8653277251228,1582.546134223269,1577.4892190644193,1550.058328053168,1572.1087853356582,1554.903124211702,1583.0425053952808,1591.3883380871207,1594.1474477854645,1612.0130899127696,1612.935521066059,1620.8889599400952,1622.1666666666667
77051,,,,,,,,,,,,,,,,,,,,,,,,,,,,,,,,,,,,,,,,,,,,,,,,,,,,,,,,,,,,,,,,,,,,,,,,,,,,,,,,,,,,,,,,,,1494.0752748332857,,1481.832742189165,1481.4548988069962,1480.7190993723862,1455.4029085605512,1437.204526726049,1440.8040942157054,1474.7277938487384,1520.9440181877865,1539.0003448244724,1523.484250032723,1515.2400618725515,1546.2343389368941,1579.5165187615169,1589.4653422013494,1564.7131720976274,1592.144451270866,1585.4492430616867,1584.3017130002345,1577.4282779490047,1593.5939157833204,1602.9327541544628,1612.3897229927957,1624.4808628626884,1630.538188152823,1622.6528871163387,1634.869899037014,1656.0576603614502,1677.886331475984,1650.9225687868422,1640.0222272650155,1634.708637274985,1654.5938678487657,1672.696518802199,1678.6413495684249,1687.2897367745536,1703.7483852639214,1698.0207256185463,1711.4240605683108,1683.8624220207596,1703.0960303670197,1696.2328284328855,1728.9623019891644,1721.7454989522187,1740.9514951092474,1726.0286823578317,1751.1085082782183,1737.4595256441305,1777.7015492042196,1772.5132275132273
77029,,,,,,,,,,,,,,,,,,,,,,,,,,,,,,,,,,,,,,,,,,,,,,,,,,,,,,,,,,,,,,,,,,,,,,,,,,,,,,,,,,,,,,,,,,,,,,,,,,,,,,,,,,,,,,,,,,,,,,,,,,,,,,,,,,,,,,1428.0475102229218,1444.7750614708748,1440.6396979642261,1453.4126434288426,1458.6490275568794,1442.177701991543,1466.626984126984
77058,,,,,,,,,,,,,,,,,,,,,,,,,,,,,,,,,,,,,,,,1118.8799268914242,1084.598166890229,1107.346493722925,1106.8096335314144,1122.317495879313,1080.8201692240095,1098.5509051611643,1119.5656647047565,1173.3021228378661,1160.3751097461934,1174.8206136299598,1172.0323858177057,1182.9472197827556,1179.5920283603784,1165.6794288361114,1156.8708124504399,1147.508511938816,1150.1092244554168,1155.958321940712,1151.207554882963,1143.088544240261,1146.9452929509882,1164.0194888941523,1179.518347535329,1171.0060770131274,1173.0536142880421,1182.011314157012,1195.4052891225817,1200.5099305098963,1185.0003000305821,1186.4348520312794,1181.1338929619521,1202.167782849015,1206.1274315493051,1216.403503786111,1233.263528040164,1257.8933719737763,1271.8366990977365,1265.1176817237547,1273.8979376375444,1282.237620084217,1295.6037296516074,1297.2485667324545,1298.1652297681428,1318.1100470601225,1351.7432813301036,1403.426532711382,1423.5799658958817,1423.1653740020383,1399.864088223068,1393.9300333051492,1396.0125839791626,1393.1898628141087,1380.2348548763093,1363.6203123416267,1348.3274486098587,1343.808249061192,1367.5061986062547,1373.6329420355682,1381.121995889342,1357.5139917608772,1379.673215859943,1404.0722143674227,1409.4353590323226,1398.9242578779108,1378.9493703172766,1376.4368861566425,1369.409658313909,1364.585328680147,1377.382590481692,1392.6896457016367,1396.2619499330501,1389.681203032161,1381.0575799974515,1390.6852121808918,1406.0188640552278,1419.749114770523,1421.935740736894,1420.9397874296467,1402.4447795908982,1401.1222949155003,1397.6622571693129,1409.8563973822263,1420.4965881359965,1421.8101393272116,1432.6778281595894,1427.801962371729,1433.0867573075523,1431.3413010766833,1426.4473597112658,1426.105049217741,1418.28388481364,1422.2613379205993,1423.7238277535073,1442.140518760373,1444.569366701564,1444.2155628523906,1443.8602776026423,1443.1920644499007,1442.569231737767,1439.6782945736434
77098,,,,,,,,,,,,,,,,,1555.2597246728762,1608.7767864594693,1599.932503783784,1600.8299128973338,1571.6055493742251,1549.2519565041282,1504.9587524651108,1493.6379577955722,1481.946096083603,1488.7394300098492,1498.0322089002402,1539.000333745745,1600.5778895325716,1631.9666559015197,1619.1191636351634,1589.196940135737,1574.7545137116947,1543.9466803701214,1536.7147003232815,1557.4655267424193,1595.7508204295436,1620.6880671151182,1616.7058459897069,1613.7579749206295,1612.375544399885,1606.6181731365652,1580.0072021964452,1575.5978641571592,1575.031803160654,1587.231107033172,1583.6050707390782,1573.5635329338857,1586.0627396789996,1569.1263928022502,1586.7416727550042,1585.7005203231809,1610.802388036494,1613.7637078768187,1621.2587829820561,1622.55821805211,1610.51344377944,1604.1736604586984,1613.447142689987,1620.191152975942,1633.1038458787823,1635.6838880413177,1648.2700962121435,1629.1427224294953,1603.9595918559041,1580.5804413966014,1573.9530131030901,1564.91156876876,1551.557451342447,1531.8035531007233,1515.8388155719201,1497.1741884339056,1501.3439755407721,1505.9233226839367,1523.0961841012008,1530.0569911410491,1551.4235087344944,1584.3118732609958,1632.898616639182,1671.6033025854792,1706.0201939676078,1712.0032752524896,1711.3221829729187,1701.488462642534,1699.6592222990355,1708.4789140229277,1709.3498263178965,1723.492192147495,1747.1371280327508,1778.5708745558234,1796.2972844449475,1804.6590662042017,1807.8010146340623,1807.9833918163201,1796.1008833708454,1772.7894256682146,1774.9787326883938,1782.050513638575,1797.5599851596005,1788.482613290222,1793.8930468247447,1789.2972855182165,1812.6758535608867,1821.0475897178069,1813.3411190575491,1795.607078475033,1772.6495404254097,1778.583072662034,1783.423325593948,1793.6558710586958,1789.8922847027654,1796.2601809650598,1808.8118516683742,1831.353162323421,1825.4393403539434,1818.657260904119,1818.8137138443662,1812.8332016748057,1799.9206248684916,1793.7626453296562,1801.7514248506789,1816.0432358599467,1829.7081095906676,1849.215902152562,1858.6049118365133,1855.3556540047186,1844.6050910415127,1823.2150015935426,1813.501493334052,1796.201292974623,1805.6730757802743,1790.1462848359904,1797.0643888143081,1791.420919106398,1811.4618047831136,1810.0664322815003,1814.6425159162552,1817.714291251845,1829.6069549578635,1842.0203130203129
77002,,,,,,,,,,,,,,,,,,,,,,,,,,,,,,,,,,,,1820.7792310243192,1873.765601289444,1891.8031846923577,1901.8745403114965,1909.8094781501215,1903.7891618009455,1892.979239618382,1888.3416575268363,1876.6320834182454,1865.3917184558304,1894.1217599978368,1896.5270008535358,1888.7887904077593,1838.0804692998468,1777.4134544505687,1756.5478404698435,1725.4763374619129,1769.908178231569,1800.730024352238,1823.8427218813597,1825.6524291241567,1828.0018611120693,1829.195606781006,1813.1477109237096,1793.2971043450207,1772.2880452924685,1804.9715022974715,1840.8958495361458,1877.3285027899226,1838.6556009266662,1799.4599406370694,1756.2493534616565,1746.1621478948614,1731.1257508657036,1736.489732701939,1728.3493990398463,1715.7127673987895,1709.8153463711694,1732.794257674032,1745.9860229796138,1774.9241433354593,1787.2676592511136,1846.4251021959226,1878.1510075868978,1899.2700172553887,1891.5614678488364,1891.7819866157529,1892.244156039099,1904.7027732185181,1903.5556277643216,1911.0011795156083,1904.8718957444478,1883.0166747163119,1879.8852278060397,1879.404520228255,1905.8587684336942,1897.7248512776753,1895.8651399160262,1889.016982781955,1894.8005477615598,1886.9890384931623,1870.5325077863022,1868.96609403627,1876.4575666986862,1883.8946807891944,1893.557590056188,1890.6724016226724,1897.6442910625199,1881.78215470761,1862.4377519754066,1846.7476048331241,1842.8521045157752,1854.2896835223876,1853.558635860603,1856.1872078732745,1850.0280926236835,1865.7262921841218,1876.8105861151118,1886.6539835225722,1879.8683559521924,1872.5743746836579,1867.6701457595343,1860.9612857844968,1858.052840131099,1856.488756557429,1867.9852781203444,1856.0770652344463,1865.2274236129952,1857.5053820534329,1869.0672037872087,1862.8517438607978,1867.4255368963015,1859.433636689971,1858.02340788738,1818.8602707439031,1804.8940511662527,1781.1291897199012,1800.77461509898,1807.752004235477,1820.5226340180002,1829.6872404853991,1818.2991339189766,1819.4266160357545,1830.7049839062465,1852.9242546887035
77059,,,,,,,,,,,,,,,,,,,,,,,,,,,,,,,,,,,,,,,,,,,,,,,,,,,,,,,,,,,,,,,,,,,,,,,,,,,,,,,,,,,,,,,,,,,,,,,,,,,,,,,,,,,,,,,,,,,,,,,,,,,,,,,,,,,,,,,,2709.5462147453973,2762.5363154979345,2673.0181562913476,2687.4836196299543,2696.6666666666665
77085,,,,,,,,,,,,,,,,,,,,,,,,,,,,,,,,,,,,,,,,,,,,,,,,,,,,,,,,,,,,,,,,,,,,,,,,,,,,,,,,,,,,,,,,,,,,,,,,,,,,,,1424.459305940245,1428.5942605514995,1425.6526026962642,1415.354423029742,1398.4438998786648,1396.1658980110178,1392.3603192074606,1392.6872215342662,1398.8720145762047,1410.9405850661128,1429.1603237712789,1428.2204318271201,1448.0153126327652,1462.4197789184213,1474.00116327685,1450.2070204800589,1426.7476959028893,1434.0318726738985,1443.8495162472398,1469.3120166852896,1460.6214318374527,1475.6657585907817,1478.1606637735351,1490.0352660602891,1506.6694275617376,1504.9299480645416,1540.1007910442497,1539.0116815554602,1537.7233557895827,1482.734618893295,1442.3140072533724,1440.0839011429707,1457.2585260928242,1500.7242497925565,1528.8773818770899,1549.990787634234,1528.0002340074648,1513.832423141894,1507.4285714285716
77031,,,,,,,,,,,,,,,,,,,,,,,,,,,,,,,,,,,,,,,,,,,,,,,,,,,,,,,,,,,,,,,,,,,,,,,,,,,,,,,,,,,,,,,,,,,,,,,,,,,,,,,,,,,,,,,,,,,,,,,,,,,,,,,,,,,,,,,,,1659.4411199372319,1743.3048960043195,1770.741485017933,1738.3333333333333
77011,,,,,,,,,,,,,,,,,,,,,,,,,,,,,,,,,,,,,,,,,,,,,,,,,,,,,,,,,,,,,,,,,,,,,,,,,,,,,,,,,,,,,,,,,,,,1115.0373675696167,1139.4379396467268,1152.763746198742,1126.5667859590535,1134.8790481014173,1125.5583631510267,1151.2784951559001,1142.6153304000836,1145.005338092591,1114.3230223175874,1139.1732813754013,1168.9318700508363,1192.247864876677,1193.8821915367075,1185.6991042174427,1204.523848852624,1194.3776939712834,1192.5677536645196,1172.3306660982548,1189.607237220728,1196.884017568115,1223.7577258765293,1211.582122879623,1220.533636203101,1209.9588197910123,1203.1957110215183,1196.0669698237336,1187.7427659739344,1216.099574466852,1220.7237561696224,1239.0040673104847,1205.9238325424462,1224.622973217427,1228.3504166965022,1251.4972500611843,1207.1147107292334,1188.5284473227575,1201.5779941834712,1232.1772765396654,1234.6205444902403,1228.6943366501844,1192.972911998994,1175.5347586208584,1182.047072436859,,1294.0509261180205,1287.7235627114496,1238.3270043386706,1248.7916666666667
77078,,,,,,,,,,,,,,,,,,,,,,,,,,,,,,,,,,,,,,,,,,,,,,,,,,,,,,,,,,,,,,,,,,,,,,,,,,,,,,,,,,,,,,,,,,,,,,,,,,,,,,,,,,,,,,,,,,,,,,,,,,,,,,,,,,,1541.9351503732098,1543.1853463411428,1555.8134431670846,1581.6422568234427,1572.2845108287818,1565.070302853926,1531.9246295290736,1534.1898807866876,1512.785007118497,1523.5722222222223
77068,,,,,,,,,,,,,,,,,,,,,,,,,,,,,,,,,,,,,,,,,,,,,,,,,,,,,,,,,,,,,,,,,,,,,,,,,,,,,,,,,,,,,,,,,,,,,,,,,,,,,,,,,,,,,,,,,,,,,,,,,,,,,,,,,,,,,,,,,,,,2200.125
77030,,,,,,,,,,,,,,,,,,,,,,,,,,,,,,,,,,,,,,,1461.6533339549705,1515.221726520923,1437.1279227959603,1438.1717147943305,1408.6060018229534,1404.2437240536892,1401.50318312457,1377.7069208878174,1380.2433860905464,1372.6346576375377,1419.2484899108124,1419.6703974352913,1435.393603714277,1419.4544498899602,1430.2626481945217,1442.6532568511234,1437.3813244858711,1429.752007987781,1411.5868935423177,1398.6482969860099,1390.9493207619894,1399.3668090903914,1412.4466042541865,1422.9656814318485,1408.3361955616365,1408.535182600455,1411.5307898602568,1415.9821722741697,1422.887783477941,1408.6249440375393,1383.0959646426898,1345.8310584381977,1324.583176358298,1350.4050097380245,1360.9559340270062,1391.9363682261637,1388.3714460056774,1411.492396071738,1432.4278836178746,1481.172177692322,1514.0356403808798,1529.844948091804,1513.6659538494625,1523.9114774474638,1543.751612746861,1572.7756346295896,1555.371958993643,1541.9455105205868,1524.562227615709,1537.4542902947671,1544.4760431209195,1581.345472191575,1598.2884247617867,1622.5533180801199,1602.202186273156,1592.811707511845,1570.2870146228572,1564.8470789589644,1555.5446484812128,1553.6470435575961,1559.2186152363922,1574.6134930516996,1590.190107889739,1605.7864779049853,1611.93236707293,1618.557229735083,1619.4768825495107,1617.2865140117717,1611.5762462165087,1607.4996771479791,1613.5503980190608,1615.7495450053125,1631.3431546622814,1623.4720851868824,1628.4475333656076,1624.4250369632912,1638.1149485346925,1636.551137084683,1649.6021915727629,1648.6573045764972,1644.2589902606494,1629.334797288145,1631.5040293971322,1655.5874181743075,1653.1414912011746,1658.1096501491343,1654.753731965218,1656.2699465986818,1658.6579161315628,1649.8072316474868,1638.1628670806017,1624.3240217305656,1626.4928237367626,1643.7719645359973,1659.5666290552929,1659.1337118634017,1631.3068240701182,1612.6689656924727,1606.1806388235998,1626.9182762316752,1630.211285004799,1622.6642526455028
77094,,,,,,,,,,,,,,,,,,,,,,,,,,,,,,,,,,,,,,,,,,,,,,,,,,,,,,,,,,,,,,,,,,,,,,,,,,,,,,,,,,,,,,,,,1878.7429369722458,1875.9220332124878,1875.012905331127,1872.8274771342149,1852.9721643088915,1876.3701403274767,1825.0396926545427,1855.5042302677386,1839.0731906391068,1841.5480133538615,1824.4932260091832,1837.1833747135317,1906.3103124666825,1929.7072375512785,1936.5254729259611,1902.5042002971888,1885.4582326176671,1898.2907645683601,1850.142750774023,1842.302675652054,1840.4088220219903,1872.5493002460028,1903.2723022643654,1921.0677450741775,1952.5422913448494,1954.3775752715324,1944.1939908001846,1957.5417312984985,1971.6614037511843,1974.1781242481009,1968.1494953003262,1934.6577496268078,1926.7550978226393,1896.9131146975963,1907.791974414419,1902.8108533204786,1923.7187914225824,1945.925266081801,1983.603402528543,1943.4862015964352,1936.7193890376163,1881.7735471363267,1913.389651161487,1883.2371188828124,1915.3334860711955,1912.758034449636,1903.1343763612463,1871.0389434949666,1883.344735130407,1907.0093836806257,1985.4536680466729,1977.9777777777779
77003,,,,,,,,,,,,,,,,,,,,,,,,,,,,,,,,,,,,,,,,,,,,,,,,,,,,,,,,,,,,,,,,,,,,,,,,,,,1624.8156032253594,1647.3548074978507,1689.8172428182916,1743.3323214944496,1755.9143477833113,1764.9351732358507,1762.5844460466276,1773.8688014945699,1771.5687726512128,1762.8309826403556,1772.8986962489087,1803.7974001552714,1821.0414671652918,1824.3694120973491,1826.5379388956271,1850.0301366924489,1864.200652506162,1883.6069501799725,1887.3490733833046,1884.2743252628256,1857.7623680327308,1862.9162218218244,1859.7445326208806,1873.493977125434,1894.8536829396407,1898.6362586635069,1889.0647071012725,1883.8143495674876,1901.943363276817,1921.103010911365,1918.778631487933,1934.433501877703,1923.267170364355,1914.8286662776604,1888.6329712750564,1908.65089366126,1923.9247488870117,1936.9616263831995,1934.9512516710506,1945.0157464046338,1955.2030285923565,1950.2757422397995,1941.3868200830593,1934.4541570947108,1955.4843884070824,1958.8878315463041,1961.5673526698195,1952.6089935866128,1946.1250721274614,1949.6025233343425,1944.2279237469434,1944.560831749729,1954.3976236155086,1964.3213100246123,1966.9748337321053,1945.3152380254653,1937.4124121744417,1939.5508571762405,1929.0107421764214,1923.9727682360044,1911.5356288629007,1923.362522481795,1927.626994652443,1942.0233997893502,1956.3922369306968,1960.0878205128204
77046,,,,,,,,,,,,,,,,,,,,,,,,,,,,,,,,,,,,,,,,,,,,,,,,,,,,,,,,,,,,,,,,,,,,,,,,,,,,,,,,,,,,,,,,,,,,,,,,,,,,,,,,,,,,,,,,,,,,,,,,,,,1458.8058434854543,1509.8259944913723,1521.4113518349566,1527.297785977987,1508.6267752937974,1503.6290128314427,1462.2655853093434,1444.7138407576635,1413.119842234674,1417.764951677727,1400.4669489168643,1401.1775480627132,1353.8042599702433,1360.4525931578346,1373.3926270248824,1436.1270886208176,1459.1888695347811,1449.1136363636363
77010,,,,,,,,,,,,,,,,,,,,,,,,,,,,,,,,,,,,,,,,,,,,,,,,,,,,,,,,,,,,,,,,,,,,,,,,,,,,,,,,,,,,,,,,,,,,,,,,,,,,,,,,,,,,,,,,,,,,,,,,,,,,,,,,,,,,3109.391470426161,3145.2026695647196,3143.3152862799216,3099.244492656936,3107.1068691956975,3092.341337923492,3044.9420126495556,3011.387682337322,2931.0166666666664
